pmid,decision,justification
28726512,Exclude,Non-stool site (colostrum/breast milk microbiota) and qPCR-only enumeration without sequencing
41000790,Exclude,Preprint (bioRxiv)
41280675,Maybe,Ambiguous whether a breastfed-vs-formula group comparison is reported; sequencing method not explicit
41472213,Maybe,Case-control by RVGE status (acute illness); ambiguous whether this clinical-condition-defined cohort should be excluded like IBD/malnutrition
41813538,Exclude,Secondary commentary describing another group's mouse study
28620469,Exclude,Synbiotic formula vs plain formula; no breastfed comparator group
34069166,Exclude,Breastfeeding only a covariate adjusted for; no feeding-group microbiome comparison reported
38839212,Exclude,Donor human milk bank microbiology; non-stool site
38228744,Exclude,VLBW preterm population
37061048,Exclude,Animal model (mice; maternal PCB exposure)
28709393,Exclude,Dental plaque/oral microbiome; non-stool site
27294377,Exclude,"Conference proceedings abstract supplement, not a primary study"
32788688,Exclude,Virome-only outcome (plant viruses); no bacterial composition reported
35383822,Exclude,Preterm infant population
34917555,Exclude,Preterm/NICU population
25793042,Exclude,Synbiotic vs placebo trial in all-breastfed allergic infants; no microbiome outcome measured; no breastfed/formula comparison
36466698,Exclude,Breast milk microbiome; non-stool site
41852820,Exclude,Breast milk microbiome; non-stool site
38529196,Exclude,Breast milk microbiome; non-stool site
34940645,Exclude,All infants breastfed; no formula comparator group
30716730,Include,Genuine breastfed-vs-formula stool 16S comparison in healthy neonates by delivery mode and feeding type
37247242,Exclude,Food-safety/antimicrobial lab study; no infant population
32503178,Exclude,In vitro fermentation model using infant fecal inoculum
35642586,Exclude,In vitro fermentation model using infant fecal inoculum
34382992,Exclude,In vitro fermentation model using infant fecal inoculum
41688119,Exclude,Cohort-profile paper; no outcome data reported yet (analyses ongoing)
38674825,Exclude,Probiotic-supplemented formula vs plain formula; no breastfed comparator group
40491725,Exclude,Systematic review
41884021,Exclude,Systematic review
21300508,Exclude,All infants breastfed; no formula comparator group
32904427,Exclude,Preterm infant population
26511224,Exclude,All infants breastfed; no formula comparator group
41979145,Exclude,No feeding-group comparison reported; exposure of interest is air pollution
23436288,Exclude,No infant population; bovine milk oligosaccharide chemistry only
38851232,Exclude,"Trial protocol, not yet reporting results"
41361302,Exclude,No microbiome outcome measured; clinical jaundice incidence only
41544718,Exclude,Preterm infant population
38045923,Maybe,Ambiguous whether feeding mode was a designed between-group comparison or only a covariate
34712893,Exclude,Cohort-profile/methods paper; no outcome comparison reported
38328166,Exclude,Preprint (bioRxiv)
35193609,Include,RCT with non-randomised breastfed reference arm alongside two formula arms; fecal microbiota outcome reported
41062342,Exclude,Commentary describing another group's mouse study
42745312,Exclude,Published erratum/correction notice; no data
29888226,Exclude,qPCR-only enumeration; no sequencing
26325665,Exclude,Oral microbiome/milk-saliva biochemistry; non-stool site
27922070,Exclude,Neonatal oral microbiome; non-stool site
41419102,Exclude,"Milk-product characterization (pooled donor milk); non-stool site, no infant outcome"
41887326,Exclude,Stool sampled at age 12 years; outside the 0-12 month window
28379925,Exclude,"Preterm population; stool culture/PCR only, no sequencing"
34777303,Exclude,Enzymology/biochemistry study; no infant population
30661116,Exclude,In silico/biochemical characterization of bacterial isolates; no infant population
34295315,Exclude,No feeding-group comparison reported
37859696,Exclude,Breast milk biochemistry; non-stool site
40005000,Exclude,No microbiome outcome measured; clinical atopic-dermatitis outcome only
21865979,Exclude,T-RFLP fingerprinting (not sequencing); sampling age mostly outside 0-12 month window
40533202,Exclude,Cohort-profile paper; no finalized outcome data (conference-only preliminary findings)
39189754,Exclude,Milk microbiome (subclinical mastitis); non-stool site
32508758,Exclude,Human milk microbiome; non-stool site
40276127,Exclude,Human milk microbiome; non-stool site
40196028,Exclude,Animal model (dogs)
39344763,Exclude,qPCR-only (RT-PCR) enumeration; no sequencing
38677714,Maybe,Ambiguous whether feeding mode was a designed between-group comparison or only a covariate
41020047,Exclude,Infant oral microbiome; non-stool site
27446009,Exclude,No infant population; formula-factory environmental samples
37501202,Exclude,Animal model (wild primate)
32121004,Exclude,No feeding-group comparison; comparison is by GI-disorder status
39858883,Exclude,Breast milk biochemistry; non-stool site; no microbiome outcome measured
42056537,Exclude,Probiotic exposure trial; no isolable breastfed-vs-formula contrast
37258144,Exclude,Animal model (mice)
22126419,Exclude,Preterm population integral to the primary comparison
29310579,Exclude,Bacterial genomics/pan-genome study; no feeding-group comparison
27136545,Exclude,Preterm population integral to the primary comparison
32438679,Exclude,Preterm/premature population
25186175,Exclude,Animal model (rhesus macaques)
40077696,Exclude,All infants breastfed; no formula comparator group
42811907,Exclude,All infants exclusively breastfed; no formula comparator group
42807077,Exclude,"Outcome is fungal DNA/mycobiome profiling, not bacterial composition; no feeding-mode comparison"
42797040,Exclude,Animal model (mice)
42792237,Exclude,Animal model (sows/pigs)
42775119,Exclude,No microbiome outcome measured; all infants exclusively breastfed with no formula comparator
42769359,Include,Beijing cohort; 16S stool sequencing at 42 days/6/12 months; feeding mode reported as strongest predictor of composition
42760068,Exclude,Cohort-profile paper; shotgun sequencing described as not yet performed (underway)
42754150,Exclude,No microbiome outcome measured; clinical food-allergy outcome only
42747972,Exclude,"No microbiome outcome measured; outcomes are infections, hospitalization, antibiotic exposure, allergen introduction"
42746414,Include,265 neonates stratified BF/FF/MF with separate preterm/full-term stratification; 16S fecal sequencing
42745882,Exclude,In vitro Bifidobacterium strain culture study; no infant subjects
42742783,Exclude,"Outcome is urinary metabolome, not gut microbiome; all infants breastfed (exclusive vs mixed), no formula comparator"
42725967,Exclude,In vitro study of vaginal Lactobacillus strains; wrong population/site
42724230,Exclude,Preterm population integral to the comparison; term reference group is breastfed-only with no formula arm
42710681,Exclude,Probiotic-in-formula dose-comparison trial; no isolable breastfed-vs-unsupplemented-formula contrast
42705746,Exclude,In vitro fermentation system using infant fecal inoculum
42705472,Exclude,Animal model (rats)
42701424,Exclude,Animal model (rhesus monkeys)
42685020,Exclude,"Nasopharyngeal microbiome, not stool; age range not restricted to 0-12 months"
42679805,Maybe,"Resistome outcome and shotgun metagenomics present, but ambiguous whether a breastfed-vs-formula group contrast is reported vs. breastfeeding-duration/secretor-status analysis within breastfed infants only"
42676361,Exclude,No microbiome outcome measured; outcomes are anthropometric z-scores
42665338,Exclude,"Cohort-profile paper; shotgun metagenomics described as future analysis, no outcome data yet"
42658871,Exclude,Breast milk microbiota; non-stool site
42655046,Exclude,Animal model (ewes/sheep)
42650397,Exclude,Probiotic exposure trial; no isolable breastfed-vs-formula contrast on the microbiome outcome
42644013,Exclude,Animal model (mice)
42635599,Exclude,"Adult population with ulcerative colitis, not infants"
42629403,Include,Egyptian cohort infants 1-6 months; explicit breastfed/formula/mixed comparison via 16S rRNA V3-V4 sequencing
42622547,Exclude,"Compares two formula types (amino-acid-based vs standard), not breastfed vs formula; includes a mouse FMT experiment component"
42612036,Exclude,"Cohort study protocol, not yet reporting results; preterm population"
42607835,Exclude,All infants breastfed (maternal diet intervention); no formula comparator group
42601049,Exclude,Narrative review
42598364,Exclude,"Age range 1-3 years, outside 0-12 month window; synbiotic/probiotic exposure trial with no breastfed-vs-formula comparison"
42587158,Include,Lifelines NEXT cohort; 714 dyads; shotgun metagenomic stool sequencing birth to 1 year; feeding mode shown to shape composition and function
42587033,Exclude,Synbiotic supplement trial; no breastfed-vs-formula comparator
42582314,Exclude,In vitro pathogen-growth assay; no infant population
42574280,Exclude,Published erratum/correction notice; no data
42573917,Exclude,Metabolic-engineering/synthetic-biology study; no infant population
42570964,Exclude,All infants breastfed; no formula comparator group; n=12
42546687,Exclude,Animal model (neonatal mice)
42538110,Exclude,"Systematic review protocol; adult lactating women, not infants"
42537648,Exclude,Synbiotic exposure trial in formula-fed infants; no isolable unsupplemented-formula-vs-breastfed contrast; substantial animal-model component
42523323,Exclude,"Preprint; also wrong site (nasopharyngeal/URT microbiome, not stool)"
42511024,Exclude,Animal model (pigeons/squabs)
42499231,Exclude,Methodological recruitment-challenges paper; no microbiome outcome data reported
42488726,Exclude,"Regulatory novel-food safety opinion, not a primary research study"
42483643,Exclude,Human breast milk microbiome; non-stool site
42482833,Exclude,Likely animal model based on experimental design (controlled maternal antibiotic dosing during gestation/lactation then vaccine challenge; not feasible as a human RCT)
42459333,Exclude,In silico bacterial genome/pangenome analysis; no infant population
42457938,Exclude,No microbiome outcome measured; outcome is childhood obesity risk
42429352,Exclude,Enzymatic HMO synthesis chemistry study; no infant population
42428097,Exclude,"Preprint; also wrong site (upper respiratory tract microbiome, not stool)"
42414927,Exclude,No microbiome outcome measured; all infants breastfed with no formula comparator
42398703,Exclude,"Wrong population/outcome (maternal postpartum depression and bonding, not infant gut microbiome); trial protocol"
42390352,Include,445 Chinese infants/toddlers with explicit breastfed-reference vs formula-fed groups; shotgun metagenomic and metabolomic stool analysis
42384241,Exclude,"No breastfed-vs-formula comparator group; all infants breastfed at enrollment, contrast is by feeding-transition timing and allergy status"
42381154,Exclude,"Statistical methodology paper using infant microbiome data as an illustrative example, not a primary empirical PECO comparison"
42380651,Exclude,"Exposure is maternal type 1 diabetes status, not feeding mode; no breastfed-vs-formula comparison"
42363297,Include,Formula-fed vs breastfed Chinese infant cohort; shotgun metagenomic sequencing of fecal Bifidobacteria and SCFAs
42356304,Exclude,Breast milk microbiome; non-stool site
42350321,Maybe,No abstract available to assess PECO criteria
42343102,Exclude,Commentary describing another group's RCT
42333724,Exclude,"Non-stool site (colostrum); qPCR-only enumeration, no sequencing"
42327326,Exclude,Preprint; also animal model (gnotobiotic mice)
42324760,Exclude,Glycoengineered human cell-line biochemistry; no infant population
42323078,Exclude,Cultured mammalian cell-line biochemistry; no infant population
42293556,Exclude,No feeding-group comparison; exposure compared is rural vs urban residency
42293187,Exclude,Studies milk HMO composition only; no infant stool microbiome outcome
42293186,Exclude,"Probiotic exposure trial in formula-fed infants only, no breastfed comparator; age range partially outside 0-12 months"
42291330,Exclude,"Infant oral microbiome, non-stool site; all infants breastfed with no formula comparator"
42288713,Exclude,"Bacterial species-description/taxonomy paper from breast milk; non-stool, no feeding comparison"
42263170,Exclude,No microbiome outcome measured; outcome is inflammatory bowel disease diagnosis
42254496,Exclude,Animal model (sheep/ewes and lambs)
42239480,Exclude,"Preprint; exposure is complementary-feeding diet type (meat/dairy/plant arms), not breastfed-vs-formula"
42221783,Exclude,In vitro fecal batch-fermentation study
42220947,Exclude,No breastfed-vs-formula comparison; analyzed subset restricted to predominantly-breastfed infants; exposure compared is delivery mode
42220946,Exclude,"PCR-based bacterial quantification, not sequencing; NEC-defined clinical population"
42210904,Exclude,Animal model (neonatal rats)
42210393,Exclude,Human milk microbiome; non-stool site
42203770,Exclude,No breastfed-vs-formula comparison; within-subject pre/post-weaning design; n=7
42188026,Exclude,"Exposure of interest is pet exposure, not feeding mode; no breastfed-vs-formula comparison"
42186656,Exclude,"No microbiome outcome measured; all infants breastfed, no formula comparator"
42173938,Exclude,"Pooled reanalysis of publicly available metagenomes across many existing studies, not a primary single-cohort study"
42171373,Exclude,"Bioinformatic methods/tool paper using pooled public metagenomes across mixed disease states, not a primary infant feeding-comparison study"
42158681,Exclude,Preterm infant population
42155725,Exclude,"Synbiotic formula trial; comparison is protein-hydrolyzation type, not a breastfed-vs-formula contrast"
42155002,Exclude,Narrative review
42137872,Exclude,Probiotic exposure trial; no breastfed-vs-formula comparator
42135574,Exclude,Computational enzyme-engineering study; no infant population
42132035,Exclude,"Age range 18-23 months, entirely outside the 0-12 month window"
42131447,Exclude,"Machine-learning reanalysis of three pre-existing public 16S datasets, not primary data"
42119682,Exclude,"No feeding-group comparison; exposure is maternal-infant microbial/resistome transmission, not feeding mode"
42112809,Exclude,All infants breastfeeding; no formula comparator group; exposure is gastroenteritis morbidity
42099766,Exclude,Trial protocol; no microbiome outcome measured (hypoallergenicity/allergic reaction outcome); age range partially outside window
42094492,Exclude,Preprint; in vitro reconstructed bacterial community model
42089249,Maybe,No abstract available to assess PECO criteria; title suggests feeding-type comparison in bronchiolitis
42088498,Exclude,No breastfed-vs-formula comparison; exposure is traditional-farming vs urban lifestyle and allergic outcome
42075038,Exclude,Expert-consensus perspective paper; no microbiome outcome measured
42072321,Exclude,Narrative perspective piece
42061466,Exclude,"Workshop report, not primary research"
42055337,Exclude,No breastfed-vs-formula comparison; mechanistic HMO/mucin-glycan biochemistry in breastfed infants
42051338,Exclude,Baseline cohort-description paper; no microbiome outcome comparison reported
42043853,Exclude,Bioinformatic annotation-tool paper; no infant population
42032090,Exclude,Animal model (mice)
42020426,Exclude,All infants breastfed; no formula comparator group
42000857,Exclude,"Exposure is maternal obesity, not feeding mode; no breastfed-vs-formula comparison"
42000045,Exclude,"Non-stool site (milk metabolome); exposure is maternal psychological distress, not feeding mode"
41999953,Exclude,No breastfed-vs-formula comparator group; exposure is HMO composition among breastfed infants; includes a 13-month timepoint outside window
41998618,Exclude,"Probiotic exposure trial; primary comparison is probiotic vs placebo, not breastfed vs formula"
41993961,Include,44 infants at 6 months; breastfed (n=27) vs formula-fed (n=17); full-length 16S rRNA sequencing plus metabolomics
41991624,Exclude,Narrative review
41984912,Exclude,Cohort study protocol; no outcome data reported yet
41983959,Exclude,Gut microbiome mechanism work conducted in a rat model; human cohort component has no microbiome outcome
41980780,Maybe,"Large cohorts (CHILD, COPSAC) link breastfeeding to microbiome composition, but sequencing method and explicit breastfed-vs-formula group contrast are not stated in the abstract"
41979817,Exclude,In vitro strain isolation/characterization from infant feces; no breastfed-vs-formula comparison
41973926,Exclude,"Pooled reanalysis of existing public microbiome data across 24 populations, not primary data"
41959458,Exclude,"Preprint; exposure is maternal antibiotic treatment via milk, not feeding mode"
41911595,Exclude,"Breast milk MFGM proteomics; non-stool site, no infant outcome"
41907863,Exclude,"Wrong population/outcome; studies maternal periodontal/oral health, not infant gut microbiome"
41900857,Exclude,Antimicrobial-peptide drug-discovery study against vaginosis pathogens; no infant population
41895837,Exclude,No breastfed-vs-formula comparison; exposure is breast milk PUFA composition and eczema status
41879065,Exclude,"Wrong population; studies postpartum mothers, not infants"
41874534,Maybe,Brief structured abstract; unclear whether an unsupplemented-formula comparator exists alongside the breastfed comparison in this fortified-formula trial
41867919,Exclude,Ex vivo infant gut model; in vitro
41852690,Exclude,"Exposure is maternal HIV status, not feeding mode; no breastfed-vs-formula comparison"
41849037,Include,129 cesarean-delivered infants; breastfed vs standard formula vs probiotic formula groups; 16S rRNA sequencing
41840217,Exclude,In vitro organoid model using preterm-infant-derived bacterial isolates
41829964,Exclude,"qPCR-only enumeration, no sequencing; all infants breastfed with no formula comparator"
41825736,Exclude,No breastfed-vs-formula comparison; exposure is first complementary food type in exclusively human-milk-fed infants
41810553,Exclude,Bioinformatic/enzymatic characterization of gut glycosidases; no feeding-group comparison
41809042,Exclude,Animal model (mice)
41803694,Exclude,All infants exclusively breastfed; no formula comparator group
41799697,Exclude,In vitro human cortical organoid model; no infant gut microbiome outcome
41790252,Exclude,No microbiome outcome measured; outcome is perianal abscess diagnosis
41787261,Exclude,"Exposure is farm/anthroposophic lifestyle, not feeding mode; population likely school-age children outside 0-12 month window"
41777635,Exclude,Cross-species milk composition comparison; no infant population or outcome
41759241,Include,Exclusive breastfeeding vs mixed feeding vs exclusive formula groups across two European cohorts (n=519); shotgun metagenomics of stool
41758554,Exclude,Bacterial taxonomy/species-description paper; no feeding-group comparison
41754141,Exclude,"Gut microbiota outcome assessed at age 5 years, outside the 0-12 month window"
41753731,Exclude,In vitro simulated colonic model
41737742,Exclude,In vitro bacterial physiology study; no infant population
41730718,Exclude,No microbiome outcome measured; outcome is childhood infection incidence/hospitalization
41713418,Exclude,Comparative genomics atlas study; no feeding-group comparison
41705972,Include,Three-arm trial (fortified formula vs control formula vs breastfed); 16S rRNA sequencing in term infants
41705306,Exclude,No microbiome outcome measured; qualitative food-acceptability study; age range partially outside 0-12 months
41703887,Exclude,Animal model (mice); human cohort component does not assess infant gut microbiome
41694462,Exclude,"Human milk storage/processing methodology study; non-stool, no infant outcome"
41686436,Maybe,"CHILD cohort measures gut microbes and feeding type within window, but primary outcome is childhood blood pressure and sequencing method for microbiome profiling is not stated"
41684684,Exclude,"Non-stool; human milk bacterial isolation for dairy starter-culture development, no infant outcome"
41683122,Exclude,Infant formula product contamination/safety survey; no infant subjects
41676450,Exclude,Cohort-profile paper; no outcome data reported
41672407,Exclude,All mothers fed infants breastmilk exclusively; no formula comparator group
41668221,Exclude,Animal model (sheep/lambs)
41652998,Exclude,"Exposure is maternal SSRI use, not feeding mode; feeding pattern included only as a covariate"
41643502,Include,CHILD cohort secondary analysis (n=368); milk feeding type (human milk/formula/combination) as effect modifier; 16S rRNA stool sequencing
41631397,Exclude,Published erratum; no data
41612376,Exclude,"Oral microbiota, not stool"
41602199,Exclude,In vitro fermentation study of individual HMOs
41597701,Exclude,"Non-stool site (colostrum); exposure is delivery mode, not feeding mode"
41589878,Exclude,In vitro bacterial culture study; no infant subjects
41588774,Exclude,Narrative review
41573287,Exclude,Non-stool site (breast milk microbiome culture)
41561177,Exclude,Age range outside 0-12 months (preschool children)
41536238,Exclude,"Exposure is maternal obesity/BMI, not feeding mode; no breastfed-vs-formula comparison"
41536136,Exclude,All infants exclusively breastfed; no formula comparator; exposure is maternal stress intervention
41533318,Exclude,Preterm/VLBW population
41526643,Exclude,No clean breastfed-vs-formula comparison; multiple combined exposure factors; outcome followed to age 5 years
41525344,Exclude,"Statistical methods paper applied to an existing dataset, not a primary empirical PECO study"
41510047,Exclude,"Non-stool site (donor milk); qPCR-only, no sequencing"
41505413,Exclude,All infants exclusively breastfeeding; no formula comparator group
41496911,Exclude,"Non-stool; milk extracellular-vesicle biochemistry, no infant gut outcome"
41485339,Exclude,"Exposure is PFAS chemical level in milk, not feeding mode; no breastfed-vs-formula comparison"
41470843,Include,"Three-group comparison (lactoferrin-fortified formula vs control formula vs breastfeeding); 16S rRNA sequencing, infants 6-12 months"
41463747,Exclude,"qRT-PCR quantification, not sequencing"
41459147,Exclude,"Wrong population; pregnant women/maternal supplementation study, no infant outcome data presented"
41447757,Exclude,Animal model (mice)
41427935,Exclude,Animal model (rats); in vitro organoid component
41427732,Exclude,Probiotic exposure trial; all infants exclusively breastfed with no formula comparator
41427374,Exclude,Preprint of the same study as PMID 42482833; likely animal model based on experimental design
41412124,Exclude,No breastfed-vs-formula comparison; exposure is maternal gut/milk microbiome composition over time
41396034,Exclude,"Exposure is maternal gestational diabetes status, not feeding mode"
41394473,Exclude,Synbiotic exposure trial in cow's-milk-allergic children on amino-acid formula; no breastfed comparator
30969612,Exclude,"Book chapter/study guide, not primary research"
41387706,Exclude,"Age range 2-3 years, outside the 0-12 month window"
41386340,Exclude,Metabolic-engineering E. coli study for HMO biosynthesis; no infant population
41369321,Exclude,Very preterm infant population (<30 weeks gestation)
41360553,Exclude,"Primary focus is milk MFGM proteomics across lactation stages, non-stool; no breastfed-vs-formula comparison"
41360542,Exclude,In vitro dendritic-cell cytokine assay; no infant population
41339769,Exclude,Preterm infant population (<32 weeks)
41327170,Exclude,In vitro Caco-2 cell-line immunomodulation study; no infant population
41324448,Maybe,Experimental design and framing suggest a possible animal model; human cohort recruitment not clearly described
41308639,Exclude,No breastfed-vs-formula comparison; exposures are delivery mode and household/environmental factors
41305672,Exclude,"Infant oral microbiome, not stool; all infants breastfed with no formula comparator"
41300548,Exclude,No microbiome outcome measured; outcome is gut-brain interaction disorder diagnosis at age 3 years
41299236,Exclude,All infants formula-fed; no breastfed comparator group
41297633,Exclude,All infants exclusively breastfeeding; no formula comparator; exposure is maternal diet
41282524,Exclude,Non-stool site (donated human milk microbiome); no feeding-group comparison
41278729,Exclude,Preprint; mouse-based mechanistic component; human cohort all breastfed with no formula comparator
41277829,Include,212 3-month-old infants; formula consumption associated with increased antimicrobial resistance gene diversity (resistome outcome)
41274892,Exclude,In vitro synthetic bacterial community bioreactor model
41274878,Exclude,No breastfed-vs-formula comparison; studies milk-to-infant microbial transmission in breastfed infants only (published version of PMID 38328166)
41267293,Exclude,"Exposure is estimated live-microorganism dietary intake, not a feeding-mode group comparison; age range partially outside window"
41250898,Exclude,No microbiome outcome measured; exposure is maternal prebiotic supplementation during pregnancy
41244671,Exclude,"Exposure is maternal/placental microbial transmission source, not feeding mode"
41244617,Exclude,Review/commentary on breast tumor and mastitis microbiome; not an infant outcome study
41243311,Exclude,No formula-fed comparator group; comparison is exclusive vs mixed breastfeeding only
41241721,Exclude,"Exposure is delivery mode and parental microbial transmission, not feeding mode"
41241657,Exclude,"Very preterm infant population; outcome/exposure framing is respiratory wheezing, not a breastfed-vs-formula microbiome comparison"
41206275,Exclude,"Preterm population; RT-qPCR quantification, not sequencing"
41194283,Exclude,"Non-stool site (colostrum); culture-based method, not sequencing; no infant outcome data"
41172301,Exclude,"Trial protocol, not yet reporting results"
41171001,Exclude,Analytical method-development study (CE-MS for HMO profiling); no infant gut outcome; single donor
41162178,Exclude,Non-stool site (breast milk); metagenomic method-development study
41147989,Exclude,"Non-stool site; breast milk macronutrient-microbiome correlation study, no infant outcome"
41143748,Exclude,Infant formula product contamination survey; no infant subjects
41138757,Maybe,Compares exclusive vs mixed breastfeeding categories; unclear whether a formula-fed comparator group is included
41114511,Exclude,No clear breastfed-vs-formula group comparison; primary comparison is cow's-milk-allergy status
41105231,Exclude,In vitro fermentation and cell-adhesion assay study
41090486,Exclude,Animal model (neonatal mice)
41090301,Exclude,Animal model (dairy goats)
41072801,Exclude,"Non-stool; donor milk storage-methodology study, no infant outcome"
41060553,Include,374 newborns; feeding-pattern groups (breastfeeding/mixed/formula) with gut microbiome diversity analysis at birth through 9 months
41054093,Exclude,No microbiome outcome measured; outcome is Hirschsprung's disease risk factors
41045839,Exclude,"Exposure is maternal DHA supplementation, not infant feeding mode; no breastfed-vs-formula comparison"
41037505,Exclude,All infants full-term breastfed; no formula comparator; exposure is birth-year period
41036227,Exclude,Animal models (mice); in vitro co-culture component
41034647,Exclude,"Very preterm infant population; exposure is human milk volume, not feeding-mode comparison"
41030548,Exclude,Animal model (calves)
41025437,Exclude,"Trial protocol, not yet reporting results"
41022745,Exclude,Animal model (germ-free mice)
41019559,Exclude,Published erratum; no new data
41018687,Exclude,"Trial protocol; exposure is vaginal seeding, not feeding mode; no microbiome composition as primary outcome"
41017911,Exclude,Preterm infant population
41007973,Exclude,Animal model (dairy calves)
41007512,Exclude,"Exposure is breastfeeding-cessation/weaning timing during complementary feeding, not breastfed-vs-formula from birth; age range largely outside 0-12 months"
40995206,Exclude,Cross-species milk comparison across 15 mammalian species; no human infant gut microbiome outcome
40977976,Exclude,All infants human-milk-fed; no formula comparator; exposure is complementary food type
40977973,Exclude,Non-stool site (breast milk); no infant outcome
40957978,Exclude,Preterm infant population
40951971,Exclude,"qPCR-based quantification, not sequencing"
40950602,Exclude,Animal model (feline milk isolate tested in mice)
40948418,Exclude,All infants predominantly or exclusively breastfed; no formula comparator group
40944184,Exclude,Exposure is blueberry complementary food; all infants breastfed with no formula comparator
40941242,Exclude,Enzyme-characterization study for GOS bioproduction; no infant population
40938107,Exclude,Non-stool site (human milk microbiome)
40929253,Exclude,Primary study is maternal milk-production genomics; infant microbiome feeding-type finding is incidental with no stated method or comparison detail
40927664,Exclude,"Oral microbiome, not stool; substantial preterm population"
40914515,Exclude,Non-stool site (breast milk microbiome); preterm-associated cohort
40912567,Exclude,No breastfed-vs-formula comparison; studies HMO/secretor-status effects within breastfed infants
40910342,Exclude,No microbiome outcome measured; outcomes are cytokines and infection-related morbidity
40901398,Exclude,"Adult population, not infant; in vitro SHIME gut-simulator model"
40898384,Exclude,"Exposure is a behavioral/educational microbiome-coaching program, not feeding mode"
40871334,Exclude,Non-stool site (human milk microbiome)
40852127,Exclude,Commentary on another study; preterm/VLBW population
40841980,Exclude,Non-stool site; milk pumping/hygiene methodology study
40852128,Exclude,In vitro melatonin-bifidobacteria interaction study; no infant population
40852123,Exclude,No explicit breastfed-vs-formula comparison; breastfeeding treated as one of several perinatal factors without a formula arm
40834977,Exclude,"Age range 18-24 months, outside the 0-12 month window"
40830523,Exclude,"Comparison is by hyperbilirubinemia risk status, not feeding mode; substantial rat-model component"
40823026,Exclude,Very preterm infant population
40822522,Exclude,Scoping review
40815168,Exclude,"Non-stool site; milk bacterial genomics study, no infant outcome"
40814727,Exclude,Non-stool site (human milk microbiome and HMO longitudinal study)
40813371,Exclude,Very-low-birth-weight preterm infant population
40812094,Exclude,"Preterm infant population; exposure is PFAS chemical level, not a feeding-mode group comparison"
40811381,Exclude,"Theoretical/mathematical modeling paper, not a primary empirical study"
40808833,Exclude,Cohort-profile/protocol paper; no outcome data reported
40802401,Exclude,Educational program evaluation; not a microbiome outcome study
40792492,Exclude,"Exposure is maternal microbial transmission source, not feeding mode"
40791923,Exclude,Study design treats microbiota composition as predictor of wheeze outcome rather than feeding mode as exposure; feeding status only a minor covariate
40787980,Exclude,Strain-level tracing of streptococci across body sites; no breastfed-vs-formula comparison
40783943,Exclude,Primary focus is milk HMO/milk microbiota (non-stool); infant fecal microbiota association is secondary and not a breastfed-vs-formula comparison
40777448,Exclude,"No breastfed-vs-formula comparison; exposures studied are delivery mode, water treatment, and household assets"
40776614,Exclude,Preterm neonate population (<33 weeks gestation)
40771223,Maybe,"Three-arm RCT (synbiotic formula vs control formula vs non-randomized BF reference) in infants <=14 days with fecal bifidobacteria abundance and pH outcomes fits PECO well, but abstract does not state whether bifidobacteria abundance was measured by sequencing or qPCR-only; check full text for method"
40764396,Exclude,"Published erratum/correction, not a primary study"
40763731,Exclude,"Primarily a mouse mechanistic study; human infant formula-feeding mention is a single incidental correlative note, not a sequencing-based composition/function outcome"
40755225,Include,Metagenomic sequencing of infant/maternal stool and breastmilk at 1 week and 1 month; direct breastfed-vs-formula comparison of resistome/ARG-bacterial associations (functional outcome)
40750606,Exclude,"No breastfed-vs-formula comparison; all infants appear breastfed, exposure is human milk microbiota composition not feeding-mode category"
40742132,Exclude,Virome-only outcome (anellovirus) via qPCR; non-stool specimens (serum/milk)
40738103,Exclude,"Adult population (older adults, mean age 67.3 years)"
40737758,Exclude,"Exposure is maternal diet during lactation, not feeding mode; outcome is infection incidence/immune markers, not microbiome composition as primary measured outcome"
40706956,Exclude,"Exposure of interest is maternal postpartum diet quality; feeding-mode groups used only for stratified subgroup analysis rather than as the primary breastfed-vs-formula comparison, and no formula-only arm exists"
40693205,Exclude,Non-stool site (human milk bacteriome/mycobiome)
40692142,Exclude,Narrative review
40676640,Exclude,Clinical trial protocol with no results reported; compares goat-milk vs cow-milk formula (not breastfed vs formula); no gut microbiome sequencing outcome specified
40672959,Exclude,No gut microbiome sequencing outcome; outcome is I-FABP and antibody biomarkers
40672236,Exclude,In vitro bacterial culture study (Akkermansia strains); no infant cohort
40672213,Exclude,"Broad bioinformatic analysis across ~15,000 public metagenomes spanning many disease states, not a dedicated infant breastfed-vs-formula comparison study"
40666332,Exclude,"Preprint version of an already-excluded study (PMID 40929253); primary focus is maternal milk-production genomics, infant microbiome finding incidental with no stated method or comparison detail"
40657901,Exclude,In vitro/structural biochemistry study of HMO uptake by B. infantis; no infant cohort
40650200,Exclude,No sequencing-based microbiome composition outcome (SCFA measured by gas chromatography only); no explicit breastfed-vs-formula group comparison
40649242,Exclude,Non-stool site (human milk microbiota pilot study)
40636558,Exclude,"No gut microbiome composition/function outcome; studies blood group antigens and infant botulism risk, feeding mode only a descriptive case characteristic"
40631350,Exclude,"Non-stool specimen; outcome is milk extracellular-vesicle microRNA, not microbiome composition"
40629442,Exclude,Premature infant NICU population
40623174,Exclude,"Exposure is human milk SIgA concentration, not a breastfed-vs-formula group comparison; no formula-fed comparator described"
40620081,Exclude,"Not a breastfeeding-vs-formula comparison (home-blended vs formula tube feeding in gastrostomy-fed children); gut microbiome noted only as future work, not measured"
40614808,Exclude,In vitro bacterial culture/competition assays using infant-derived strains; no infant participants
40609987,Exclude,No breastfed-vs-formula comparison (all 30 pairs exclusively breastfeeding); exposure is maternal probiotic strain supplementation
40603287,Include,265 longitudinal gut metagenomes from 66 mother-infant pairs over the first year of life; metagenomic sequencing of resistome (functional outcome) compared by breastfeeding exclusivity/cessation status
40588192,Exclude,"Minipiglet animal model, not human infants"
40583481,Exclude,"Non-stool outcome (human milk HMO fucosylation); no breastfed-vs-formula comparison, exposure is maternal fiber intake"
40579603,Exclude,"Fecal microbiota transfer into germ-free mice (gnotobiotic mouse model), not a direct human infant cohort comparison"
40572802,Exclude,"Non-stool site (oral microbiome); method is bacterial culture CFU counts, not sequencing"
40564692,Exclude,"All infants exclusively breastfed; comparison is by allergic disease status (CMIAP vs healthy), not feeding mode"
40560164,Exclude,In vitro synthetic gut community (BabyBac) study; no infant cohort
40558046,Exclude,"No breastfed-vs-formula comparison; compares microbial source-tracking between milk and infant gut, not feeding-mode groups"
40555747,Include,"My Baby Biome study, 412 U.S. infants, metagenomics and metabolomics of infant stool; feeding method examined as a comparison factor (null finding) alongside birth mode"
40548525,Exclude,"Mouse model of EPEC-induced diarrhea, not human infants"
40547004,Exclude,Yak milk metabolomics study; not a human infant study
40544449,Exclude,Protocol paper with no results; preterm milk; non-stool specimen; phageome-only (virome) focus
40542715,Exclude,Metabolic engineering/biosynthesis study of LNnT production in E. coli; no infant population
40533209,Exclude,Study protocol with no results reported (MOTILITY cohort)
40516877,Exclude,"Outcome is Campylobacter gastroenteritis clinical risk, not gut microbiome composition; no sequencing-based microbiome outcome reported"
40507094,Exclude,"Exposure is maternal probiotic supplementation during pregnancy/lactation, not infant feeding mode (breastfed vs formula)"
40505616,Exclude,"Commentary/perspective piece on another study, not primary research"
40475488,Exclude,"All infants formula-fed; exposure is complementary-food protein type (meat vs dairy), not a breastfed-vs-formula comparison"
40474782,Exclude,Non-stool specimen (donated human milk); no infant gut outcome measured
40473074,Exclude,Analytical biosensor method-development study for 2'-FL quantification; no infant population
40473022,Exclude,Diagnostic assay development for Cronobacter detection in powdered formula; no infant microbiome outcome
40469735,Exclude,"Outcome is fungal mycobiome composition, not bacterial gut microbiome composition (outside PECO's bacterial-only outcome domain); cohort age range extends to 2 years, beyond the 0-12 month window"
40469670,Exclude,Non-stool specimen (human milk microbiome and mineral composition)
40459557,Exclude,"Vaginal microbiome model (in vitro/ex vivo/mouse), not infant gut microbiome"
40456853,Exclude,"Non-stool specimen (human milk microbiome); no breastfed-vs-formula comparison, all participants breastfeeding"
40452153,Exclude,"Outcome is urinary metabolomics, not fecal microbiome composition; non-stool specimen"
40442718,Exclude,"Non-stool specimen (pumped human milk); storage-condition methodology study, not an infant outcome study"
40435194,Exclude,"Comparison is between two infant formula types (high vs low sn-2 palmitate), not a breastfed-vs-formula comparison"
40431220,Exclude,"Population is pediatric IBD patients, not healthy term infants 0-12 months; not a direct feeding-mode microbiome comparison"
40421466,Exclude,Comparative bacterial genomics study of B. dentium strains; no infant cohort or feeding-mode comparison
40413742,Exclude,"Outcome is gut virome/plasmidome (mobile genetic elements), not bacterial composition; falls under the virome/phageome/plasmidome exclusion despite a reported breastfed-vs-formula comparison"
40412397,Exclude,"Exposure is probiotic supplementation vs placebo, not a breastfed-vs-formula comparison; breastfeeding practice is only a recorded covariate"
40403855,Exclude,"Minipig animal model, not human infants"
40399402,Exclude,"Studies maternal gut microbiome postpartum, not infant gut microbiome"
40387412,Exclude,No breastfed-vs-formula comparison; all 51 dyads exclusively breastfeeding
40383487,Exclude,Non-stool site (infant nasal microbiome)
40383384,Exclude,In vitro bacterial strain characterization study (B. infantis HMO metabolism); no infant cohort
40382082,Exclude,"No breastfed-vs-formula comparison; exposure is maternal milk vitamin content, infants appear uniformly breastfed"
40369689,Include,"RCT: standard infant formula vs test formula with large phospholipid-coated lipid droplets vs breastfed reference group, through 12 months of age; fecal microbiota composition and metabolome outcomes"
40369126,Exclude,"Comparison is by febrile UTI status, not feeding mode; breastfeeding duration treated as a covariate/predictor rather than the primary exposure"
40362152,Exclude,"Animal model (donkeys/jennies), not human infants"
40356145,Include,16-week RCT-like comparison of high sn-2 palmitate formula vs regular formula vs breast milk in healthy term infants; shotgun metagenomic sequencing of fecal composition and function
40342441,Exclude,"Exposure is probiotic supplementation vs placebo for infantile colic, not feeding mode; all infants breastfed"
40340669,Exclude,"In vitro bacterial strain characterization study (HMO metabolism, antibiotic resistance); not a breastfed-vs-formula cohort comparison"
40339805,Exclude,"Exposure is maternal/child FUT2 secretor genotype; breastfeeding is an interacting covariate, not the primary feeding-mode comparison"
40329736,Exclude,"Non-stool site (oral microbiome); culture-based method, not sequencing; surgical cleft-palate population"
40312036,Include,"Pilot study comparing exclusive breastfeeding, partial breastfeeding duration (4 vs 8 weeks), and formula feeding over 6 months; shotgun metagenomic sequencing of infant stool and maternal milk"
40302925,Exclude,Non-stool site (oral microbiome); age range extends to 2 years beyond the 0-12 month window; predominantly breastfed with no explicit formula comparison
40290019,Include,RCT: 2'-FL-supplemented formula vs GOS/FOS control formula vs exclusively breastfed reference group; fecal 16S rRNA sequencing at 1 and 4 months
40282197,Exclude,Non-stool specimen (human milk microbiome); culture-based method
40279782,Exclude,"Theoretical/socio-cultural analysis article, not an empirical microbiome study"
40237336,Include,"525 Brazilian term infants (Germina Cohort), 3-9 months; whole metagenomic sequencing comparing exclusive breastfeeding vs non-EBF, taxonomy and function outcomes, stratified by delivery mode"
40217307,Exclude,In vitro/genomic bacterial physiology study (C. perfringens metabolism); not an infant feeding-mode cohort comparison
40209535,Exclude,"Compares different hydrolyzed formula types in children with cow milk protein allergy, not breastfed vs formula; outcome is atopic/autoimmune manifestations, not gut microbiome composition"
40207769,Exclude,"Primarily a mouse gavage mechanistic study of milk exosomes; exposure is maternal gestational diabetes status, not feeding mode; human infant microbiome data collection method unclear"
40207281,Exclude,Appears to be a brief review/commentary with no methods or results reported; also a preterm infant population
40204761,Exclude,"Primary comparison is term vs preterm gestational-age groups (includes a substantial preterm cohort); exclusive breastfeeding is a secondary covariate, not the primary comparison"
40202375,Exclude,"Outcome is gut virome composition, not bacterial taxonomic composition; falls under the virome/phageome exclusion criterion"
40198224,Exclude,Premature infant population (100 preterm infants)
40187732,Exclude,"Studies maternal gut microbiome and breast milk protein composition, not infant gut microbiome"
40187613,Exclude,"Primary exposure is host genomics (GWAS); feeding practices is one of several environmental covariates in a gene-by-environment interaction analysis, not the primary breastfed-vs-formula comparison"
40164734,Exclude,"Non-stool specimen (human milk); in vitro digestion/cultivability study, not an infant cohort comparison"
40159147,Exclude,"Primary analysis is gut microbiota associations with GI symptoms (colic/constipation), not a breastfed-vs-formula group comparison"
40152419,Exclude,In vitro bacterial strain characterization study; no infant cohort comparison
40135481,Exclude,Adult population; in vitro colonic fermentation study
40102379,Exclude,"Exposure is maternal balanced energy-protein supplementation, not infant feeding mode; primary focus is maternal gut microbiome with infant microbiome as a mediator"
40097060,Exclude,Analytical method-development/validation paper for HMO quantification; not a breastfed-vs-formula comparison study
40083911,Exclude,"All infants formula-fed (synbiotic vs control formula), no breastfed comparator; age range extends to 36 months, beyond the 0-12 month window"
40077676,Exclude,Non-stool specimen (human milk microbiota)
40061440,Exclude,"Outcome is gut mycobiome (fungal) composition, not bacterial gut microbiome composition; outside the PECO's bacterial-only outcome domain"
40051690,Exclude,In vitro bacterial culture study of gut microbe response to milk free fatty acids; no infant cohort comparison
40013588,Exclude,"Study design treats infant gut microbiota as the exposure predicting later childhood blood pressure, with breastfeeding as an effect modifier rather than microbiome composition as the outcome of a feeding-mode comparison"
40013012,Exclude,Non-stool site (infant oral microbiome)
40008886,Exclude,"Commentary/perspective piece reflecting on historic papers, not primary research"
39995183,Exclude,"Non-stool specimen; feasibility/methodology study reconstituting donor milk microbiota, no infant gut outcome measured"
39986292,Exclude,Non-stool site (infant respiratory/nasopharyngeal microbiome)
39982063,Exclude,Very preterm infant population
39969280,Exclude,Bacterial strain genomic characterization study; not a breastfed-vs-formula cohort comparison
39967161,Exclude,"Studies microbial communities in powdered-formula manufacturing facilities, not infant gut microbiome"
39966546,Exclude,"Study protocol, no results reported"
39954456,Exclude,Primary exposure is ultra-processed food consumption; breastfeeding status is combined into a joint exposure variable rather than a standalone breastfed-vs-formula comparison
39927261,Exclude,Primarily a sequencing-method validation/comparison study (2bRAD-M vs 16S vs WMS); not a breastfed-vs-formula comparison
39924004,Exclude,"No breastfed-vs-formula comparison; all neonates breastfed; exposure is immunoglobulin-class binding pattern, not feeding mode"
39921114,Exclude,"Exposure/comparison analyzed is mother-to-infant ARG transmission via mobile genetic elements; breastfeeding-vs-formula is mentioned only as a future consideration, not an analyzed comparison"
39921093,Exclude,No sequencing-based microbiome composition data reported (serum/urine/fecal metabolomics only via NMR); fails the protocol's sequencing-required eligibility gate
39920790,Exclude,"In vitro fecal culture study using children's fecal-derived communities; not a breastfed-vs-formula comparison, cohort likely post-weaned and outside the 0-12 month window"
39918554,Exclude,Novel bacterial species description from human milk; not an infant cohort study
39918424,Exclude,"Mouse model of necrotizing enterocolitis, not human infants"
39915586,Include,"RCT: synbiotic formula vs prebiotic formula vs breastfed reference group in C-section-born and vaginally-born Chinese infants; 16S rRNA sequencing of stool at baseline, 17 weeks, and 12 months plus SCFA/pH/sIgA function outcomes"
39906504,Exclude,In vitro bacterial strain study of 2'-FL and B. bifidum; no infant cohort comparison
39902908,Exclude,"Comparison is celiac-disease-progressor status vs healthy controls, matched (not compared) on breastfeeding duration; not a breastfed-vs-formula comparison"
39866568,Maybe,"Uses real metagenomic sequencing from the AIMS infant cohort plus public datasets; milk-feeding type is examined as a factor governing B. longum subspecies dynamics, but within a complex strain-level/machine-learning ecological model rather than a simple two-group comparison; check full text for how feeding type was actually compared"
39861468,Exclude,"No breastfed-vs-formula comparison; all infants breastfed, exposure is maternal BMI/HMO composition"
39858934,Include,"STRONG Kids2 cohort, 6-week-old infants, direct comparison of exclusively breastfed vs formula-fed vs mixed-fed groups; fecal microbiome composition, functional potential, and metabolome outcomes, stratified by delivery mode"
39858853,Exclude,"No breastfed-vs-formula comparison; studies archaeal vertical transmission via breastfeeding, not a feeding-mode group comparison"
39858796,Exclude,Non-stool specimen (donor human milk bank); no infant gut outcome
39858780,Exclude,"No breastfed-vs-formula comparison; compares expressed vs direct breastfeeding, not breastfeeding vs formula"
39856742,Maybe,"323 healthy term African American infants, shotgun metagenomic sequencing at 4/12/24 months; primary exposure is antibiotic exposure but breastfeeding's association with microbiome taxa is directly analyzed and contrasted; check full text for whether breastfed-vs-formula was a genuine analyzed comparison"
39856480,Exclude,"Primary exposure is maternal IBD diagnosis; outcome highlighted is fecal LCN2 biomarker, not gut microbiome composition; feeding-mode comparison is a secondary finding on a non-composition biomarker"
39850157,Exclude,"Studies maternal gut microbiota, not infant gut microbiome"
39849752,Exclude,"Non-stool site (oral microbiota); in vitro antibacterial testing, not an infant cohort comparison"
39834492,Exclude,"Non-stool specimen (breast milk microbiota); comparison is by jaundice status, not feeding mode; all infants exclusively breastfed"
39834317,Exclude,No breastfed-vs-formula comparison; all infants exclusively breastfed; exposure is maternal GDM status and milk fatty-acid composition
39820939,Exclude,"Study protocol with no results reported; focuses on IUGR/premature birth risk factors, not a breastfed-vs-formula comparison"
39808540,Exclude,"Mouse model (suckling pups) of maternal gut inflammation and acute liver failure, not human infants"
39796584,Exclude,In vitro bioreactor fermentation study spanning infancy to adulthood; not a breastfed-vs-formula infant cohort comparison
39776540,Exclude,"No breastfed-vs-formula comparison; all mother-infant pairs appear breastfed, exposure is milk microbiota/HMO composition"
39770592,Exclude,Genomic method-development study for Cronobacter recovery from powdered formula; no infant cohort
39765595,Exclude,"Animal model (sows and pigs), not human infants"
39762216,Exclude,Ex vivo murine cecum and in vitro bacterial culture study of milk extracellular vesicles; not a human infant cohort comparison
39762107,Exclude,Study protocol with no results reported
39739091,Exclude,"Computational/theoretical metabolic modeling study; primary comparison is Cesarean vs vaginal delivery; feeding-type effect explicitly noted as future work, not performed here"
39731060,Exclude,"Comparison is among three infant-formula arms (two probiotic-supplemented, one control), not a breastfed-vs-formula comparison"
39726867,Exclude,Non-stool specimen (human milk microbiota/HMO); no infant gut microbiome outcome
39723602,Exclude,"Non-stool specimen (human milk microbiome); exposure of interest is maternal allergic phenotype and infant birth season, not an infant stool breastfed-vs-formula comparison"
39714161,Include,30 healthy infants followed through the first year; direct comparison of breastfed vs non-breastfed infants' oral and gastrointestinal (stool) microbiome taxonomic and functional dynamics
39707483,Exclude,"Comparison is by maternal HIV exposure status, not breastfed-vs-formula feeding mode"
39703542,Exclude,"Perspective/opinion article, not primary research"
39701568,Exclude,"Non-stool specimen (human milk microbiome); exposure is maternal psychobiological stress, not feeding mode"
39695352,Exclude,In vitro packed-bed-reactor fermentation study using pooled infant stool; not a breastfed-vs-formula cohort comparison
39694763,Exclude,"Exposure is maternal gestational diabetes status, not breastfed-vs-formula feeding mode"
39684390,Exclude,"Mouse model (CD-1 pups) study of milk hyaluronan and NEC, not human infants"
39683635,Exclude,"Study protocol with no results yet reported; comparison is by newborn vulnerability status (small vulnerable newborns, including preterm) not feeding mode"
39683464,Exclude,"Population is infants with cystic fibrosis, not healthy term infants; no breastfed-vs-formula comparison, exposure is complementary-food introduction timing; small descriptive case series (n=6)"
39683441,Exclude,In vitro colon-model study using a single infant's fecal inoculum; not a cohort comparison
39666338,Exclude,"Non-stool specimen (human milk metabolome); outcome is milk metabolome and infant growth, not gut microbiome composition"
39640655,Exclude,Non-stool specimen (human milk HMOs); no infant gut microbiome outcome measured
39629903,Exclude,"Population is infants with food protein-induced allergic proctocolitis; comparison is cow-milk vs goat-milk formula challenge, not breastfed-vs-formula"
39617972,Exclude,Non-stool specimen (human milk metabolome); no infant gut microbiome outcome
39597531,Exclude,No breastfed-vs-formula comparison; all dyads exclusively breastfeeding; exposure is maternal BMI/age/delivery mode/newborn sex
39584920,Exclude,No breastfed-vs-formula comparison; exposure is human milk metal/metalloid content
39581179,Exclude,Very preterm infant population
39580056,Exclude,"Non-stool specimen (human milk microbiome); exposure is maternal stress, not feeding mode"
39574099,Exclude,"Population is 18-year-old adults; outcome is gingivitis, no gut microbiome data collected"
39559746,Exclude,Narrative review on necrotizing enterocolitis prevention
39551356,Exclude,"Primary exposure is dietary fiber intake from complementary foods, not a breastfed-vs-formula comparison"
39547283,Exclude,"Non-stool site (nasal/oral microbiome); sampled at 24 months, exceeding the 0-12 month window"
39526563,Exclude,"Population is infants with biliary atresia, not healthy term infants; outcomes are primarily clinical (jaundice clearance, survival, growth) with only an exploratory n=8 microbiome comparison"
39510138,Exclude,"Primary exposure is postpartum hospital length of stay; breastfeeding is a secondary modifying covariate, not the primary comparison"
39491676,Exclude,Non-stool specimen (human milk metabolome); no infant gut microbiome outcome
39479194,Exclude,Non-stool specimen (human milk HMOs); no infant gut microbiome outcome
39471839,Exclude,"In vitro fermentation assay; population has cow's milk protein allergy, not healthy term infants; not a breastfed-vs-formula cohort comparison"
39464075,Exclude,"Non-stool specimen (human milk microbiome); exposure is maternal farm exposure, not feeding mode"
39452230,Exclude,In vitro bacterial strain characterization study; no infant cohort comparison
39444571,Include,RCT: MFGM-supplemented formula vs control formula vs human milk reference group in infants 7-18 days old; stool microbiota composition and short/branched-chain fatty acid function outcomes at day 60
39440978,Include,"Human infant cohort directly comparing formula-fed vs breastfed infants' gut metal levels and microbial community composition (Enterococcus, Enterobacter, Klebsiella abundance)"
39423288,Exclude,In vitro synthetic microbial community (BIG-Syc) study; not an infant cohort comparison
39421252,Exclude,Ex vivo infant gut model (bioreactor) study using donor microbiota; not a direct infant cohort breastfed-vs-formula comparison
39409004,Exclude,"Primary outcome is faecal immunoglobulin levels, not gut microbiome composition; mixed full-term/premature population"
39408314,Exclude,In vitro fecal culture study testing prebiotic oligosaccharides; not a direct breastfed-vs-formula cohort comparison
39399461,Exclude,Narrative review on microbial HMO synthesis
39393260,Exclude,Diagnostic method study (SERS spectroscopy) for Cronobacter detection in food; no infant cohort
39385777,Exclude,No breastfed-vs-formula comparison; all dyads exclusively breastfeeding; exposure is maternal probiotic use
39381419,Exclude,"Bibliometric/visualization analysis of research trends, not primary research; focused on premature infants"
39379227,Exclude,No gut microbiome composition data collected; outcome is IBD diagnosis via case-control questionnaire recall
39368092,Exclude,"Mouse model (SIgA deficiency, house dust mite asthma model), not human infants"
39354871,Exclude,"Primary exposure is complementary-food introduction, not a breastfed-vs-formula comparison"
39345253,Exclude,"Non-stool specimen (human milk microbiota); exposure is maternal prenatal supplement use, not feeding mode"
39343891,Exclude,"Study protocol (ETCHED), no results reported"
39342403,Exclude,"Non-stool specimen (human milk microbiome); exposure is maternal HIV status, not feeding mode"
39338513,Exclude,Culture-based bacterial strain isolation/characterization study; no breastfed-vs-formula comparison
39337302,Exclude,Plant biology/immunoassay study of S100B in edible plants; not an infant gut microbiome study
39334645,Exclude,"Primary comparison is cow's-milk-protein-allergy vs healthy-control status; population includes a food-allergy disease cohort, not healthy term infants; breastfed-vs-formula note is a secondary finding within the CMPA subgroup"
39315793,Exclude,In vitro bacterial strain/genomic characterization study (HMO utilization); no infant cohort comparison
39303691,Include,"CHILD Cohort Study, 2227 children; explicit comparison of breastfeeding duration/cessation timing on gut microbiome composition and function (Ruminococcus gnavus, tryptophan biosynthesis pathways)"
39293437,Exclude,"Mouse model of virus-evoked necrotizing enterocolitis, not human infants"
39293435,Exclude,"Non-stool specimen (human milk microbiota); exposure is maternal genomics, not infant feeding-mode comparison"
39289612,Exclude,Bacterial strain isolation/characterization study with mouse immunomodulatory testing; not an infant cohort breastfed-vs-formula comparison
39287748,Exclude,In vitro bacterial strain characterization study (B. breve from human milk); no infant cohort comparison
39287632,Exclude,Food safety microbiology study of powdered infant formula; no infant cohort
39287261,Exclude,"Very-low-birth-weight/preterm population; exposure is synbiotic supplementation vs placebo, not feeding mode"
39286230,Exclude,"Exposure is maternal prenatal probiotic supplementation, not infant feeding mode (breastfed vs formula)"
39285348,Exclude,"Preterm/very-low-birth-weight population; method is targeted qPCR for four genera, not sequencing-based composition profiling"
39283281,Include,"Prospective cohort, 217 healthy Hong Kong infants at 6 weeks; direct comparison of direct breastfeeding vs expressed breast milk vs formula feeding on stool microbiota composition"
39277573,Exclude,Primary design examines diet broadly and diarrheal illness/sample-storage methodology in a rural LMIC cohort; no clearly defined formula-fed comparison arm for a breastfed-vs-formula comparison
39277258,Exclude,In vitro small intestinal organoid model study; not an infant cohort comparison
39275208,Exclude,"Study protocol/cohort profile paper (Phoenix study), no results reported"
39272317,Exclude,"Animal model (dairy calves), not human infants"
39268487,Exclude,"Primary significant factors are delivery mode and maternal gestational diabetes, not breastfeeding mode; substantial focus on phageome/virome; samples collected within 24 hours of birth before a feeding-mode effect could manifest"
39265573,Exclude,No breastfed-vs-formula comparison; all 310 pairs exclusively breastfeeding; exposure is maternal genetics and milk gene expression
39245164,Exclude,"In vitro Caco-2/mouse colitis model study; infant fecal fermentation is an in vitro batch culture, not a cohort comparison"
39243753,Exclude,Very-low-birth-weight preterm infant population
39242817,Exclude,"Primary analysis stratifies neonates by microbial community-state dominance, not a direct breastfed-vs-formula group comparison; includes a germ-free mouse validation component"
39242166,Exclude,"Study protocol (DANMOM), no results reported"
39239753,Exclude,Enzyme biochemistry/structural characterization study; no infant cohort
39227902,Exclude,"Animal model (goat kids), not human infants"
39222346,Exclude,"Study protocol (SUN trial), no results reported; exposure is complementary food type, not a breastfed-vs-formula comparison"
39220439,Exclude,In vitro bacterial culture study testing NICU nutritional supplements; not an infant cohort comparison
39216480,Exclude,Preterm infant population (necrotizing enterocolitis study)
39214673,Maybe,Abstract unavailable (title only); appears to be a breast-milk-component mechanistic study of gut microbiota and atopic dermatitis susceptibility; needs full-text check to classify
39214086,Exclude,"Mouse model of norovirus infection, not human infants"
39209027,Exclude,"Exposure is maternal pre-pregnancy weight status (normal vs overweight), not a breastfed-vs-formula comparison"
39202589,Exclude,"Non-stool site (oral cavity); outcome is single-species CFU culture count (S. mutans), not sequencing-based gut microbiome composition"
39200411,Exclude,Bovine milk oligosaccharide study in Holstein cows; not a human infant study
39191378,Exclude,In silico metabolic modeling study; not actual infant cohort composition data
39180208,Exclude,"No breastfed-vs-formula comparison; all pairs breastfeeding, exposure factors are maternal age/BMI/infant sex/probiotic yogurt intake"
39172626,Exclude,"Primary analysis is microbial source-tracking contribution from mother to infant; feeding practice examined only as one of several modifying factors, not as the primary comparison"
39161223,Exclude,"Breastfeeding examined as a risk factor for infantile colic itself, not as an exposure for a gut-microbiome-composition comparison; study found no mediation via microbiome"
39160300,Exclude,"Non-stool specimen (breast milk); qPCR-only method; exposure is maternal obesity status, not feeding mode"
39138497,Include,"MAMI cohort, healthy mother-infant pairs over first 4 months; 16S rRNA sequencing for composition plus high-throughput qPCR resistome panel; explicit breastfed-vs-formula comparison showing distinctive resistome composition in formula-fed infants"
39138352,Exclude,"Preterm infant population; comparison is tube-feeding vs oral/breastfeeding transition timing, not breastfed-vs-formula"
39128166,Exclude,"No gut microbiome data collected; purely epidemiological antibiotic-exposure study, breastfeeding only an adjustment covariate"
39102225,Exclude,"Preterm infant population (28-32 weeks gestation); exposure is probiotic supplementation vs placebo, not breastfed-vs-formula comparison"
39098939,Exclude,Ex vivo colonic bioreactor fermentation study; not a direct infant cohort breastfed-vs-formula comparison
39092171,Exclude,Non-stool specimen (human milk microbiome)
39084687,Exclude,"Exposure is breastfeeding duration and breast milk fatty-acid concentration (continuous), not a breastfed-vs-formula categorical comparison; includes substantial animal/cellular validation components"
39074448,Exclude,"Exposure is maternal prenatal/postnatal probiotic supplementation, not feeding mode; all children breastfed"
39064618,Exclude,"Non-stool specimen; compares human milk microbiota to animal (goat/bovine) milk, not an infant gut microbiome study"
39054474,Exclude,Bacterial strain genomic characterization study (Bifidobacterium/Enterococcus); not a breastfed-vs-formula comparison
39043677,Exclude,No breastfed-vs-formula comparison; all pairs exclusively breastfeeding; exposure is maternal CMV status in milk
39042143,Exclude,Preterm infant population; includes a substantial mouse model mechanistic component
39033251,Exclude,"Population is infants with food protein-induced enterocolitis syndrome; comparison is between two formula types (EHF vs AAF), not breastfed-vs-formula"
39025261,Exclude,Food science biocontrol study (bacterial endophytes vs foodborne pathogens); not an infant gut microbiome study
39006271,Exclude,Preterm infant population; non-stool specimen (breast milk microbiota before/after feeding)
38999737,Exclude,No breastfed-vs-formula comparison; studies vertical bacterial/metabolite transmission in breastfed mother-infant pairs
38975022,Exclude,Narrative characterization article on breastmilk glycosaminoglycans; not an infant gut microbiome cohort study
38959887,Exclude,"Mouse model of environmental enteric dysfunction, not human infants"
38951898,Exclude,"Animal model (sows/piglets), not human infants"
38947995,Exclude,Preterm/very-low-birth-weight infant population
38931252,Exclude,"Studies skin barrier/stratum corneum composition, not gut microbiome"
38931248,Exclude,In vitro bacterial strain genomic/growth characterization study; no infant cohort comparison
38917430,Exclude,"Studies maternal oral/urinary/vaginal microbiome, not infant gut microbiome"
38915873,Exclude,"Primary exposure is generational immigration status, perinatal antibiotics, and delivery mode; not a breastfed-vs-formula comparison"
38911073,Exclude,Food microbiology study of dairy products and infant formula powder; no infant cohort
38903564,Exclude,"Perspective/narrative article, not primary research"
38903508,Exclude,In vitro macrophage immune-cell study of HMO effects; no infant cohort
38870906,Exclude,"Primary study design compares birth mode/environment for microbiota transmission; breastfeeding duration examined as one of several contributing factors explaining B. longum subspecies replacement, not as the primary comparison"
38849751,Exclude,"Non-stool specimen (breast milk microbiota); exposure is maternal gestational diabetes status, not feeding mode"
38838470,Exclude,"No breastfed-vs-formula comparison; exposure is maternal/infant secretor status, HMO composition, and birth mode"
38837966,Exclude,"Scoping review protocol, not primary research"
38803424,Exclude,"Studies maternal gut metabolome, not infant gut microbiome"
38801800,Exclude,"Exposure is chemical/xenobiotic exposome, not feeding mode; no breastfed-vs-formula comparison"
38798005,Exclude,"Exposure is maternal gestational diabetes status, not breastfed-vs-formula comparison"
38792760,Exclude,"Comparison is by disease status (type 1 diabetes/obesity vs healthy), not feeding mode; population not confirmed as 0-12 month infants"
38771321,Exclude,Enzyme engineering/biochemistry study; no infant cohort
38760054,Exclude,"Cohort profile/protocol paper with only descriptive pilot data, no comparative breastfed-vs-formula results yet"
38752114,Exclude,Food safety/processing study of powdered infant formula with probiotics; no infant cohort
38746153,Exclude,"Mouse model study (preprint duplicate of PMID 39214086), not human infants"
38737636,Exclude,"Population is infants with food protein-induced proctocolitis; age range (~21-25 months) exceeds the 0-12 month window; comparison is disease-vs-health status, not breastfed-vs-formula"
38732534,Exclude,No breastfed-vs-formula comparison; all dyads breastfeeding; exposure is HMO pattern and maternal secretor status
38731751,Exclude,"Population is children over 5 years old, outside the 0-12 month age window"
38731662,Exclude,In vitro bacterial strain characterization study (Streptococcus from human milk); no infant cohort comparison
38700928,Exclude,"Study protocol with no gut microbiome results reported yet; primary exposure is a social/cash transfer intervention, not a direct breastfed-vs-formula comparison"
38697287,Exclude,"Comparison is by food-allergy status, not feeding mode; age range extends well beyond 0-12 months; breastfeeding duration was a non-differing covariate"
38695863,Exclude,Novel bacterial species taxonomic description from breast milk; not an infant cohort study
38668367,Exclude,"In vitro bioreactor fermentation study; population is 6-year-old children and adults, not infants"
38661361,Exclude,"Comparison is between two formula types (standard AAF vs AAF+synbiotics), not breastfed-vs-formula"
38651912,Exclude,Single bacterial strain genome sequence announcement; not a cohort comparison study
38650014,Exclude,Canine (dog) milk study; not human infants
38630006,Exclude,"Exposure is maternal sialic acid/probiotic supplementation, not feeding mode; primarily an animal (rat) mechanistic study with human validation limited to breastfed infants only"
38629781,Exclude,Very-low-birth-weight preterm population; non-stool site (oral microbiota)
38613107,Exclude,"Population includes late preterm infants (34-37 weeks gestation, below the >=37 week term threshold); exposure is a maternal relaxation/stress-reduction intervention, not feeding mode"
38605379,Exclude,Survey/health-literacy study; no gut microbiome data collected
38569545,Include,"RCT, 210 healthy infants over the first year of life; direct comparison of infant formula (GOS vs B. longum/B. breve supplemented) vs breastfeeding on fecal microbiota composition and metabolite/circadian function"
38561193,Exclude,"Population mean age 13 years, not 0-12 months; no gut microbiome data collected, purely clinical recall case-control study"
38554650,Exclude,"Animal model (rabbits), not human infants"
38543600,Exclude,"Fecal samples and gut microbiome outcome measured at 36 months of age, far exceeding the 0-12 month window"
38507613,Exclude,"Published erratum/corrigendum, not a primary study"
38501370,Exclude,"Very preterm infant population; all infants human-milk-fed, no breastfed-vs-formula comparison"
38495514,Exclude,Culturomics method-development study; non-stool specimen (human milk); no infant cohort comparison
38490539,Exclude,In vitro cell line and mouse model mechanistic study; not a human infant cohort comparison
38479903,Exclude,Preterm infant population (NICU in-hospital study)
38463766,Exclude,Bacterial genomic/bioinformatic characterization study across continents; not a dedicated infant breastfed-vs-formula comparison
38462218,Maybe,"RCT, 460 healthy 1-month-old infants; synbiotic formula vs control formula vs breastfed reference group through 12 months; abstract mentions fecal milieu (pH, sIgA) and infection outcomes but does not explicitly state whether sequencing-based microbiome composition was assessed; check full text"
38455082,Exclude,In vitro bacterial interaction screening study (HMO utilization); no infant cohort comparison
38452522,Exclude,"Exposure is maternal prebiotic supplementation during pregnancy/lactation, not infant feeding mode"
38445991,Exclude,"Mouse model (Fut8 knockout mice), not human infants"
38443564,Maybe,Abstract unavailable (title only); title phrasing suggests a possible commentary/highlight piece but this is unconfirmed without the abstract; needs full-text check
38442855,Exclude,No breastfed-vs-formula comparison; all mothers exclusively feeding human milk; exposure is human milk component concentrations
38441000,Exclude,Mouse model study in adult mice; not a human infant cohort
38440144,Exclude,"No breastfed-vs-formula comparison; exposure is breast milk short-chain-fatty-acid content, all dyads breastfeeding"
38436093,Exclude,"Primary exposure is maternal smoking during pregnancy; breastfeeding examined only as a secondary mitigating factor, not the primary comparison"
38430843,Exclude,"Adult population (women <=45 years), not infants"
41853555,Exclude,"Exposure is complementary vegetable type (broccoli/carrot), not a breastfed-vs-formula comparison; milk type not analyzed as a comparison factor"
38415201,Exclude,In vitro synthetic bacterial community study using cellular models; no infant cohort
38399656,Exclude,Adult population; in vitro SHIME gut-simulator model
38381745,Exclude,Preterm infant population (iron supplementation pilot study)
38378944,Exclude,"Animal model (sows/piglets), not human infants"
38370083,Exclude,"Population has cow's milk protein allergy, not healthy term infants; described as toddlers, likely outside the 0-12 month window"
38363307,Exclude,"Non-stool specimen (breast milk); no infant gut microbiome outcome measured, a biomonitoring/method-development study for polyphenols"
38363147,Exclude,Computational genome-scale metabolic modeling study of B. infantis; no infant cohort
38359795,Exclude,"Commentary piece on another paper (Cell Host & Microbe), not primary research"
38351196,Maybe,"Abstract unavailable (title only): ""Complement in maternal milk shapes the infant microbiome""; title closely parallels full research article PMID 38242132 (mouse model) found later in the corpus, suggesting this may be a companion commentary/research-briefing; needs full-text check"
38326891,Include,"CHILD Cohort Study, 100 infants; longitudinal bacterial and fungal gut microbiome sequencing from 3-12 months; formula feeding directly associated with atypical bacterial microbiome maturation patterns"
38309914,Exclude,Food microbiology study of nitrite-producing bacteria in baby foods; no infant cohort
38300753,Exclude,"Outcome is colonization with specific ESBL-producing pathogens via targeted culture, not broad sequencing-based microbiome composition; age range extends to 16 months, beyond the 0-12 month window"
38299857,Exclude,In vitro bacterial strain mechanism study (Akkermansia culture); no infant cohort
38295225,Exclude,Preterm/very-low-birth-weight population; non-stool site (oral microbiota)
38293149,Exclude,"Exposure is a small-quantity lipid-based nutrient supplement intervention for stunting, not a breastfed-vs-formula comparison"
38291346,Exclude,No breastfed-vs-formula comparison; all dyads breastfeeding; exposure is milk HMO composition
38276213,Include,"ORIGINS Project cohort, 6-month-old Australian infants (preterm/antibiotic-exposed excluded); shotgun metagenomic sequencing comparing predominantly breastfed vs predominantly formula-fed infants, with complementary-feeding-timing effects on composition and function"
38275405,Exclude,"No breastfed-vs-formula comparison; exposure is endocrine-disrupting chemical exposure level, not feeding mode"
38257101,Exclude,"Non-stool specimen (human milk microbiota); includes preterm/SGA comparison groups, not a clean healthy-term breastfed-vs-formula comparison"
38255883,Exclude,Enzyme characterization study from alpaca feces metagenome; not a human infant study
38252460,Exclude,"Exposure is dietary mycotoxin exposure, not a breastfed-vs-formula comparison"
38238389,Exclude,Purely computational/bioinformatic simulation study; no empirical infant data
38235736,Exclude,Gnotobiotic mouse model study of B. infantis engraftment; not a human infant cohort
38230936,Exclude,"Primary exposure is maternal HIV exposure status, not breastfed-vs-formula comparison"
38228143,Exclude,Mouse model mechanistic study (NanH sialidase in B. fragilis); not a human infant cohort
38242132,Exclude,"Mouse model study (weanling mice fostered by complement-deficient vs wild-type dams), not human infants"
38224157,Include,"Full-term infants in three groups: breast milk, OPO+MFGM-fortified formula, regular formula; 16S rRNA sequencing of fecal microbiota at 1, 4, and 6 months with growth/neurodevelopment outcomes"
38218728,Exclude,Analytical method-development study for HMO quantification in infant formula; no infant cohort
38216767,Exclude,Mouse model and intestinal organoid study of necrotizing enterocolitis; not a human infant cohort
38204177,Exclude,Analytical method-development study (flow cytometry) for Lactobacillus quantification in infant formula; no infant cohort
38197254,Exclude,"Primary exposure is a skin-to-skin contact intervention, not feeding mode; breastfeeding duration examined only as a potential mediator"
38194146,Exclude,"Non-stool specimen; donor milk microbiome transplantation methodology study, no infant cohort comparison"
38192551,Exclude,No gut microbiome data collected; pure breastfeeding-rate survey epidemiology study
38191870,Exclude,"Non-stool specimen (colostrum microbiota); no breastfed-vs-formula comparison, all participants breastfeeding"
38170702,Include,"Cross-sectional study, 55 mother-infant pairs; direct comparison of breastfeeding vs formula feeding vs combined feeding on fecal microbiota sequencing, IgA, and volatile organic compounds"
38167825,Exclude,In vitro/CRISPR bacterial genetics mechanism study (Bacteroides dorei); no infant cohort comparison
38163079,Exclude,In vitro cell-adhesion assay study (HT29-MTX cells); no infant cohort
38162520,Exclude,"Exposure is B. infantis probiotic supplementation (dose-ranging) vs placebo, not a breastfed-vs-formula comparison; feeding status used only as a subgroup stratifier"
38162238,Exclude,"Non-stool site (oral S. mutans colonization); primary exposure is mode of delivery, feeding pattern only one of several secondary factors"
38138068,Exclude,"Primary exposure is frequency of plastic bottle use, not a direct breastfed-vs-formula comparison; infant diet treated as a confounder to adjust for"
38133242,Exclude,"Animal model (horses), not human infants"
38117587,Include,"Infant birth cohort, n=349; direct comparison of exclusive breastfeeding rate and fecal microbiome taxonomic/functional composition at 1 month, linked to childhood obesity risk at 2 years"
38116652,Exclude,Mouse model (BALB/c mice) study of B. infantis and bone formation; not human infants
38102583,Exclude,"Comparison is among different infant formula brands; all infants exclusively formula-fed, no breastfed-vs-formula comparison"
38100452,Exclude,Very-low-birth-weight preterm population; non-stool site (oral microbiome)
38088676,Exclude,Very preterm infant population (<32 weeks gestation)
38081214,Exclude,In vitro cell-line study (HT-29) of Bifidobacterium autophagy effects; no infant cohort
38073744,Exclude,In vitro bacterial strain characterization and cell-line assay study; no infant cohort
38068786,Exclude,"Non-stool specimen (colostrum microbiota); exposure is maternal non-nutritive sweetener consumption, not feeding mode"
38037424,Exclude,"Non-stool specimen (breast milk microbiota); culture-based method; comparison is by maternal mastitis status, not feeding mode"
38028015,Exclude,Analytical method-development study for milk oligosaccharide quantification; no infant cohort comparison
38025771,Exclude,"Comparison is by pregnancy complication status (preeclampsia/preterm birth), not feeding mode; includes a preterm birth population; follow-up extends to 5 years"
38018034,Exclude,Preterm infant population (NICU)
38010080,Exclude,"Primary population is moderate/late preterm infants; exposure is probiotic/prebiotic supplementation vs placebo, not a breastfed-vs-formula comparison"
38005333,Exclude,Mouse model (antibiotic-treated mice) study of galactooligosaccharide effects; not human infants
38004671,Exclude,In vitro fecal culture co-culture study (2'FL metabolism); no infant cohort comparison
38004196,Exclude,"No breastfed-vs-formula comparison; exposure is geographic region and maternal diet/breast milk composition, all infants appear breastfed"
38003141,Exclude,"Animal model (Holstein calves), not human infants"
38000798,Exclude,"Nursing practice perspective/educational article, not empirical research"
37975676,Exclude,Non-stool specimen (milk microbiota comparison across MOM/PDHM/formula); preterm infant context
37973815,Exclude,In vitro microbiome cultivation study using fecal inocula from three infants; not an infant cohort comparison
37970377,Exclude,Mouse model (ICR mice) study of maternal diet supplementation; not human infants
37967008,Exclude,Preterm context; non-stool specimen (human milk phageome); virome/phageome outcome
37964924,Exclude,"Outcome is clinical (asthma, overweight), not gut microbiome composition; no microbiome data analyzed in this study"
37946167,Exclude,"Study protocol/cohort design paper (BeBiCo), no results reported"
37945978,Exclude,DNA isolation/sequencing method-comparison study; not a breastfed-vs-formula cohort comparison
37945457,Exclude,"Commentary piece on another study, not primary research"
37932773,Exclude,Non-stool specimen (breast milk microbiota); includes a preterm birth comparison group
37931372,Exclude,"No breastfed-vs-formula comparison; exposure is maternal dietary protein source, all women breastfeeding"
37916638,Exclude,Narrative review article on the neonatal microbiome
37904935,Exclude,In vitro bacterial mechanism study (preprint duplicate of PMID 38299857); no infant cohort
37894099,Exclude,Single bacterial strain genomic characterization study (L. plantarum from breast milk); not an infant cohort comparison
37892507,Exclude,In vitro postbiotic bacterial study (heat-killed L. vaginalis); no infant cohort
37869669,Exclude,"Study protocol, no results reported; exposure is maternal probiotic supplementation, not feeding mode"
37853370,Exclude,"Study protocol, no results reported; exposure is B. infantis probiotic supplementation vs placebo, not feeding mode"
37829712,Exclude,"Study protocol (MILKSHAKE trial), no results reported; exposure is maternal exercise intervention, not feeding mode"
37824476,Exclude,Narrative review/perspective article on postbiotics
37816852,Exclude,No breastfed-vs-formula comparison; all 25 infants breastfed; includes substantial gnotobiotic mouse validation experiments
37803605,Exclude,In vitro host-free human colonic model study; no infant cohort
37798293,Exclude,"Non-stool specimen (breast milk microbiota); exposure is maternal COVID-19 vaccination status, not feeding mode"
41853370,Maybe,"All Babies in Southeast Sweden cohort, 1602 children aged 0.3-37.2 months; directly compares active breastfeeding vs cessation on Lactobacillus colonization via stool sequencing, but age range and primary HLA-genetics framing need full-text check against the 0-12 month window"
37773207,Exclude,"Animal model (dairy goats), not human infants"
37771701,Exclude,"No breastfed-vs-formula comparison; exposure is breast milk protein composition, all infants presumably breastfed"
37764789,Exclude,Very preterm infant population
37764787,Exclude,"Exposure is probiotic administration route (maternal vs direct infant dosing), not feeding mode; all infants breastfed"
37763274,Exclude,"In vitro oral biofilm/cariogenic study using colostrum; non-stool, not an infant cohort microbiome comparison"
37754566,Exclude,Mouse model mechanistic study (CMV reactivation); not a human infant cohort
37754563,Exclude,"Primary exposure is prenatal hurricane/disaster exposure status, not feeding mode; feeding mode examined only as a modifying/stratifying factor"
37741856,Exclude,No breastfed-vs-formula comparison; all infants exclusively breastfed; exposure is maternal secretor status
37741825,Exclude,"Exposure is maternal gestational diabetes status, not feeding mode; substantial mouse model mechanistic component"
37739710,Exclude,Adult population (university students); no gut microbiome data collected; retrospective recall study
37725340,Exclude,Diagnostic method-validation study (MALDI-TOF MS); no infant cohort
37724612,Exclude,"In vitro fermentation model study; population is children 3-5 years with Autism Spectrum Disorder, outside the 0-12 month healthy-term-infant scope"
37720155,Include,"MicrobeMom RCT secondary analysis; breastfeeding status (exclusive/any) directly associated with infant gut microbial alpha/beta diversity via shotgun sequencing at 1 month, adjusted for delivery mode, antibiotics, and probiotic group"
37717629,Exclude,"Primary exposure is dietary sugar/fiber intake; feeding type is only an adjustment covariate, not the primary comparison"
37715296,Exclude,"Age range extends to 6 years, far beyond the 0-12 month window; primary exposure is household environmental contamination, not feeding mode"
37711000,Exclude,"Extremely-low-birth-weight preterm population; culture-based method, not sequencing-based composition profiling"
37691835,Exclude,"Method is culture-based bacterial growth quantification, not sequencing-based microbiome composition profiling"
37681950,Exclude,Bacterial genomic/bioinformatic bacteriocin-mining study; not an infant cohort comparison
37678794,Exclude,Mouse model study (sn-2 palmitate dose-response); not human infants
37657443,Exclude,"Adult population (56 healthy volunteers), not infants"
37652940,Exclude,"Adult population (32 healthy adults), not infants"
37642030,Exclude,"Population has single ventricle congenital heart disease, not healthy term infants; outcomes are clinical, no gut microbiome composition data collected"
37632331,Exclude,"Primary exposure is alloparental/caregiver interaction patterns, not feeding mode; breastfeeding status is a secondary covariate"
37630704,Exclude,No infant gut microbiome data collected; outcomes are maternal mood/depression and breastfeeding self-efficacy scores
37630463,Exclude,"Animal model (nursing calves), not human infants"
37626020,Exclude,"Preterm infant population; comparison is fresh vs frozen breastmilk, not breastfed-vs-formula"
37609905,Exclude,In vitro bacterial nitrogen-metabolism mechanism study; no infant cohort
37609270,Exclude,Mouse model mechanistic study (preprint duplicate of PMID 38228143); not a human infant cohort
37601350,Include,20 healthy full-term neonates; direct comparison of exclusive breastfeeding vs limited formula feeding (40-60%) on stool and oropharyngeal microbiota composition via 16S sequencing on days 0 and 5-7
37598041,Exclude,"Population has cystic fibrosis, not healthy term infants"
37592891,Include,"CARE Swiss birth cohort, 69 mother-infant pairs; breastfeeding status directly compared for fecal microbiota composition and HMO-derived fermentation metabolites via quantitative microbiota profiling"
37556398,Exclude,"Non-stool specimen (human milk microbiome); no breastfed-vs-formula comparison, exposure is breastfeeding frequency/duration pattern among breastfeeding dyads"
37544808,Exclude,No breastfed-vs-formula comparison; all mothers exclusively breastfeeding; exposure is Staphylococcus/Streptococcus dominance pattern in breast milk
37531514,Exclude,"Non-stool site (oral microbiota); culture-based method, not sequencing-based composition profiling"
37517614,Exclude,"Primary comparison is preterm vs full-term infants; age range extends to 5 years, far beyond the 0-12 month window; human milk feeding duration is a secondary modulating factor"
37513505,Include,Clinical study of infant formula supplemented with a 5-HMO mix vs formula-fed control vs breastfed reference infants; fecal microbiome composition and functional analysis through 16 weeks
37512984,Exclude,"Non-stool specimen (breast milk microbiota); exposure is maternal diet/nutritional status, not feeding mode"
37512553,Exclude,"Exposure is breast milk N-acetylneuraminic acid concentration, not feeding mode; includes mouse model validation experiments"
37511184,Exclude,"Population has cow's milk protein allergy, not healthy term infants; all infants non-breastfed; comparison is between formula types, not breastfed-vs-formula"
37506974,Include,115 healthy full-term U.S. infants (4-5 months); direct comparison of exclusive breastfeeding vs exclusive formula feeding on fecal 16S rRNA microbiota composition and growth status
37503212,Exclude,No breastfed-vs-formula comparison (preprint duplicate of PMID 39043677); all pairs exclusively breastfeeding; exposure is maternal CMV status in milk
37492252,Include,"139 infants, longitudinal 6 weeks to 6 months; direct comparison of exclusive breastfeeding vs mixed feeding in restoring delivery-mode-induced gut microbiota perturbations, linked to respiratory infection risk"
37484007,Include,"118 Korean infants in three groups (breast milk, probiotic formula, placebo formula); direct breastfed-vs-formula comparison of fecal microbiota composition and function (stool pH, butyrate, sIgA)"
37462916,Exclude,"Mechanistic immunoglobulin-reactivity study (BrmIgA binding), not a composition comparison by feeding mode; includes preterm infants"
37457984,Exclude,"No breastfed-vs-formula comparison; infants predominantly breastfed; outcome is cognitive development, exposure is HMO-microbe interaction"
37422700,Exclude,Non-stool site (skin microbiome); preterm/NICU population
37410822,Exclude,"Single-sentence abstract strongly indicative of an editorial/brief commentary, not primary research"
37403024,Exclude,In vitro batch cultivation method-validation study; not a breastfed-vs-formula cohort comparison
37375055,Exclude,In vitro colon simulator study; no infant cohort comparison
37374892,Exclude,"Gut microbiota outcome measured at 3.5 years, far beyond the 0-12 month window; includes a very preterm cohort (EPIPAGE 2)"
37365203,Exclude,Bioinformatic database-creation study compiling published milk oligosaccharide data across species; not a primary infant cohort study
37364376,Exclude,"Non-stool specimen (breastmilk microbiota); outcome is rotavirus vaccine response, not infant gut microbiome composition"
37343216,Exclude,Very-low-birth-weight preterm population; non-stool site (oral microbiota)
37338388,Exclude,"Exposure is maternal vaginal microbiome strain transmission and delivery mode, not feeding mode comparison"
37329576,Exclude,Primary analysis is gut microbiota taxa association with later juvenile idiopathic arthritis; breastfeeding duration examined only as a secondary risk-compounding factor
37327082,Exclude,Non-stool specimen; milk pasteurization methodology study on bacteriophage titres; not an infant cohort comparison
37308527,Exclude,No breastfed-vs-formula comparison; all infants exclusively breastfed; comparison is colic vs control status
37299550,Exclude,"Animal model (preterm piglets), not human infants"
37291566,Exclude,Non-stool specimen (human milk bacterial profiles); culture-based method; includes preterm mother comparison group
37279927,Include,"MECONIUM study, 294 infants, 1034 longitudinal fecal samples; 16S sequencing with feeding type (breastfed vs formula) analyzed as a major statistical influencer of overall microbiota composition alongside delivery mode and maternal IBD status"
37275646,Exclude,"Study protocol (VITERBI GUT), no results reported; primary exposure is maternal malnutrition status, not feeding mode"
37252231,Exclude,"Comparison is by late-onset breast milk jaundice status, not feeding mode; infants appear breastfed"
37242222,Exclude,No stool microbiome composition or direct fecal functional assay reported; outcome is serum (systemic) secondary bile acid metabolites only
37215257,Exclude,"Culture/PCR-DGGE-based single-species tracking study; no breastfed-vs-formula comparison, not a full microbiome composition/sequencing study"
37204286,Exclude,"Exposure is maternal postpartum antibiotic prophylaxis, not feeding mode"
37196591,Exclude,Analytical method-development study for galactooligosaccharide quantification; no infant cohort
37191543,Exclude,In vitro/omics molecular mechanism study (insulin-bifidobacteria interaction); not a direct infant cohort breastfed-vs-formula comparison
37188713,Exclude,Bacterial strain genomic/phenotypic characterization study; not an infant cohort comparison
37175775,Exclude,"Comparison is meconium vs later stool samples (developmental timepoint), not a breastfed-vs-formula feeding-mode comparison"
37174279,Exclude,No breastfed-vs-formula comparison; studies milk-to-infant-gut microbial transfer in breastfed dyads
37173061,Exclude,"Methodological/perspective report on human milk study design (BEGIN Working Group 4), not primary empirical research"
37173058,Exclude,"Narrative review/perspective report on parental factors in mammary development (BEGIN Working Group 1), not primary empirical research"
37168619,Exclude,"Study protocol; exposure is maternal dietary (Moringa) supplementation, not feeding mode"
37167530,Exclude,Narrative review article on pro-/pre-/synbiotics for environmental enteric dysfunction prevention
37162951,Exclude,"Preprint duplicate of PMID 37642030; disease population (single ventricle congenital heart disease), no gut microbiome composition data collected"
37138613,Exclude,No breastfed-vs-formula comparison; exposure is breast milk microbiome type clustering and its association with infant gut microbiome
37131293,Exclude,"Primarily a mouse model mechanistic study; human cohort component measures fecal propionate level only, not a breastfed-vs-formula composition comparison"
37116481,Exclude,"Primary exposure is lifestyle/geographic comparison (westernized vs non-westernized) and fermented food consumption, not a breastfed-vs-formula comparison"
37108555,Include,"Innova 2020 study, 210 infants in three groups: novel formula, standard formula, exclusively breastfed; fecal microbiota composition and function compared from 6 to 12 months"
37096914,Exclude,"Outcome is C. difficile carriage status, not gut microbiome composition; age range extends to 24 months, beyond the window; no significant composition differences found"
37067419,Exclude,"Primary exposure is delivery mode and maternal vaginal/milk microbiome transmission; breastfeeding cessation effect is a secondary observation, not the primary comparison"
37066035,Exclude,"Non-stool specimen (breast milk microbiota); exposure is maternal vaginal infection status, not feeding mode"
37065420,Exclude,Non-stool site (oral microbiome); study found breastfeeding did not affect microbial diversity
37057069,Exclude,Non-stool specimen (human milk HMO profile); no infant gut microbiome outcome; exposure is maternal characteristics
37049541,Exclude,"In vitro fermentation model study; population is 6-year-old children and adults, not infants"
37049522,Exclude,"Animal model (rats), not human infants"
37020105,Exclude,"Preterm infant population; exposure is probiotic administration route, not feeding mode"
36993366,Exclude,Mechanistic immunoglobulin-reactivity study (preprint duplicate of PMID 37462916); not a composition comparison by feeding mode; includes preterm infants
36992934,Exclude,"Animal model (Holstein calves), not human infants"
36986131,Exclude,"Exposure is B. infantis probiotic supplementation vs placebo, not feeding mode; breastfeeding frequency examined only as a correlate"
36979988,Exclude,"In vitro bioreactor fermentation study; not a direct infant cohort comparison, partly uses toddler (12-18 month) feces"
36979599,Exclude,Analytical biosensor method-development study for fucose quantification; no infant cohort
36979494,Exclude,No breastfed-vs-formula comparison; all infants breastfed; non-stool specimen (milk microbiome); outcome is colic risk
36969811,Include,"Cambridge Baby Growth and Breastfeeding Study, 94 mother-infant pairs, 337 infant stool samples; breastfeeding duration directly associated with infant gut microbiota composition via 16S sequencing, linked to breastmilk HMO composition"
36967532,Exclude,In vitro bacterial mechanism study (urea nitrogen utilization); no infant cohort comparison
36963568,Exclude,Mechanistic cross-species (human/porcine) miRNA-transmission study; not a breastfed-vs-formula microbiome composition comparison
36950061,Exclude,No breastfed-vs-formula comparison; all 7 neonates exclusively breastfed
36945965,Exclude,Adult disease population (Behcet's disease); no gut microbiome data collected; retrospective recall study
36945049,Exclude,"Gut microbiome sampled at 18 months, beyond the 0-12 month window; primary exposure is maternal overweight/obesity/gestational diabetes status, not feeding mode"
36938958,Exclude,In vitro mono/co-culture fermentation mechanistic study; no infant cohort
36929926,Exclude,Narrative review article on human milk oligosaccharide functional effects
36923844,Exclude,"Animal model (rhesus macaques), not human infants"
36917465,Exclude,Adult population (young dental students); non-stool site (oral fungal carriage); retrospective recall study
36917032,Exclude,"Brief narrative summary/review of anaerobic microbiome development, not a primary research study with a specific cohort or methods"
36916778,Exclude,"Primary exposure is prenatal/early-life dog exposure, not feeding mode; feeding type appears only as an effect-modifier in one analysis"
36906612,Exclude,"Preterm/very-low-birth-weight infant population; exposure is NEC-prevention probiotic regimen, not feeding mode"
36900599,Exclude,Food microbiology study of Cronobacter in formula processing environment; no infant cohort
36894240,Include,"START and CHILD cohort infants at 1 year; dietary pattern of formula consumption vs breastfeeding most strongly predicted gut microbiota (16S) and serum metabolome variation, replicated across two cohorts"
36883914,Exclude,Explicitly a non-systematic narrative review article
36879109,Exclude,"Title indicates non-stool specimen (maternal milk microbiota) and outcome of infant respiratory infections, not an infant gut microbiome composition comparison by feeding mode"
36868512,Exclude,"Animal model (Yucatan minipiglets), not human infants"
36864279,Include,"55 infants, 213 fecal samples across 0-12 months; direct comparison of exclusive breastfeeding vs combined feeding pattern on gut microbiota composition via 16S sequencing, alongside delivery mode and infant sex"
36857051,Exclude,Preterm infant population (<30 weeks gestation)
36839274,Exclude,"Non-stool specimen (human milk butyrate/microbiota); no breastfed-vs-formula comparison, all infants exclusively breastfed"
36839244,Exclude,"No breastfed-vs-formula comparison; all infants breastfed; very small sample (n=4), descriptive communication-style study"
36837767,Exclude,"Primary exposure is delivery mode/intrapartum antibiotic prophylaxis; breastfeeding status tested only as a secondary mediator, not the primary comparison"
36832319,Exclude,"Age range 12-36 months, beyond the 0-12 month window; primarily a descriptive dietary survey study"
36830570,Exclude,Primary exposure is infant vitamin D supplementation; breastfeeding is only an adjustment covariate
36811568,Include,"RCT, 540 European infants; synbiotic formula vs control formula compared against breastfed reference profiles; fecal microbiota composition and metabolite/milieu parameters at 4, 12, and 24 months"
36803508,Exclude,"Comparison is between two formula types (prebiotic-only vs synbiotic), not breastfed-vs-formula; all infants weaned from breast milk at randomization"
36794816,Exclude,No explicit breastfed-vs-formula comparison; studies composition/function in a partially breastfed population linked to maternal HMO secretor status
36789049,Include,"428 infants: breastfeeding control vs full goat-milk formula vs partial goat-milk formula vs cow-milk formula; 6-month comparison of growth, allergy symptoms, and intestinal flora"
36786638,Exclude,In vitro bacterial strain characterization and mouse toxicity study (A. muciniphila); no infant cohort comparison
36779606,Exclude,Non-stool site (skin microbiome)
36778973,Exclude,"Comparison is meat-based vs dairy-based complementary foods; all infants formula-fed, no breastfed-vs-formula comparison"
36777525,Exclude,"Exposure is milk PFAS concentration, not feeding mode; no breastfed-vs-formula comparison (all infants breastfed in main analysis)"
36776740,Exclude,Bioinformatic gene co-expression network analysis using public datasets; no infant cohort
36776720,Exclude,Primary exposure is urinary arsenic concentration; feeding mode is only an adjustment covariate
36771402,Exclude,"Non-stool specimen (breastmilk microbiota); methodological pilot study questioning milk microbiota existence, not an infant cohort comparison"
36769356,Include,"INNOVA 2020 study, 210 infants; novel formula vs standard formula vs exclusively breastfed groups; fecal microbiota composition and function compared through 6 months"
36747843,Exclude,"Preprint duplicate of PMID 40265573; no breastfed-vs-formula comparison, all 242 pairs exclusively breastfeeding"
36712078,Exclude,"Preprint duplicate of PMID 38138068; primary exposure is frequency of plastic bottle use, not a direct breastfed-vs-formula comparison"
36696407,Exclude,Non-stool specimen (human milk bacterial DNA); no infant gut microbiome outcome
36687649,Exclude,No breastfed-vs-formula comparison; exposure is maternal diet and breast milk fatty-acid composition
36678427,Exclude,"Non-stool site (oral bacteria); exposure is maternal cardiovascular risk factors/oral health, not primarily feeding mode"
36678342,Exclude,No breastfed-vs-formula comparison; all infants exclusively breastfed; exposure is FUT2 secretor status
36678236,Exclude,"Outcome is fecal SCFA concentration only via gas chromatography, no sequencing-based microbiome composition data; follow-up extends to 2 years, beyond the 0-12 month window"
36649759,Include,VDAART cohort with COPSAC2010 replication; breastfeeding's association with childhood asthma risk formally tested for mediation via fecal 16S-based microbial maturation at 3-6 months and 1 year
36644965,Exclude,Diagnostic microfluidic-chip method-development study for Cronobacter detection; no infant cohort
36620010,Exclude,Non-stool site (oral/saliva microbiota); includes a preterm infant comparison group
36617628,Include,"KOALA birth cohort, 1023 one-month-old infants; breastfeeding vs non-breastfeeding directly compared for gut microbiota diversity/composition via 16S sequencing, alongside HMO and antibiotic exposure effects"
36604578,Exclude,Non-stool specimen (human milk HMO); no infant gut microbiome outcome; exposure is residential green environment
36603585,Include,"CHILD cohort, 2521 children with shotgun metagenomics in 1338; breastfeeding directly compared for its modulating effect on antibiotic-associated infant microbiome disruption and asthma risk"
36585139,Exclude,"Study protocol, no results reported; exposure is synbiotic supplementation vs placebo in breastfed infants, not feeding mode"
36566315,Include,"84 postpartum women and infants; exclusive breastfeeding exposure directly associated with infant gut microbiota taxa abundance (Bacteroides, Staphylococcus) via 16S sequencing, alongside maternal GDM/delivery-mode comparisons"
36563663,Include,"70 mother-infant dyads, longitudinal multi-omics from late pregnancy to 1 year; metabolome and cytokine profiles of infants receiving regular vs extensively hydrolyzed formula compared against exclusively breastfed infants"
36558556,Include,23 infants in breastfeeding (n=13) vs mixed feeding (n=10) groups; direct comparison of infant gut microbiota and SCFA via 16S sequencing at birth and day 30
36553847,Exclude,Analytical method-development study (colorimetric/AI detection) for amoxicillin in breast milk; no infant cohort
36541887,Exclude,"Expert consensus/topical review article on IBD perinatal care, not primary research"
36525650,Exclude,No gut microbiome data collected; purely epidemiological case-control study of leukemia risk factors
36514903,Exclude,"Mouse model study (maternal zearalenone exposure), not human infants"
36510012,Exclude,"Animal model (rats), not human infants"
36466688,Exclude,"No breastfed-vs-formula comparison; all dyads exclusively breastfeeding; exposure is antibiotic exposure, birth mode, and infant age"
36466422,Exclude,Reports only human milk nutritional composition across lactation stages; no infant stool microbiome composition data reported
36461300,Exclude,"Method is qPCR for select bacterial groups, not sequencing-based microbiome composition profiling"
36442156,Include,"Direct comparison of breast-fed vs formula-fed infant fecal microbiota's functional fructoselysine-degradation activity, using public metagenomic data plus ex vivo incubation of real fecal samples from both groups"
36439858,Exclude,Non-stool specimen (breast milk microbiome); no infant gut microbiome outcome
36430861,Exclude,No breastfed-vs-formula comparison; all pairs breastfed; studies milk-to-infant microbiome correlation and bacterial isolate characterization
36425044,Exclude,"Animal model (dairy heifers), not human infants"
36422276,Exclude,No breastfed-vs-formula comparison; all newborns breastfed; exposure is breastmilk microbiota/oligosaccharide composition
36419187,Exclude,Bacterial strain-level transmission/evolution mechanistic study; not a breastfed-vs-formula comparison
36401392,Exclude,No breastfed-vs-formula comparison; all infants exclusively breastfed
36378822,Exclude,"Non-stool specimen (colostrum microbiota); exposure is maternal antibiotic exposure, not feeding mode"
36374301,Exclude,Extremely preterm infant population; non-stool site (oropharyngeal)
36355152,Exclude,"Non-stool specimen (human milk); no infant gut microbiome outcome; comparison is tandem vs single-nursling feeding, not breastfed-vs-formula"
36350044,Exclude,Narrative review article on butyrate-producing colonic bacteria
36349623,Exclude,"No gut microbiome composition data; exposure is chemical contaminant levels in food sources, outcome is health risk assessment"
36323479,Exclude,"Study protocol, no results reported; exposure is maternal pre-pregnancy BMI, not feeding mode"
36323464,Exclude,"Study protocol, no results reported; primary exposure is antenatal antibiotics and delivery mode, not feeding mode"
36323316,Exclude,"Primary exposure is weaning/solid-food introduction, not breastfed-vs-formula; age range extends to 2 years, beyond the 0-12 month window"
36316769,Exclude,"Outcome is colostrum leukocyte immunophenotyping, not microbiome composition; non-stool specimen"
36313083,Exclude,"Study protocol, no results reported; exposure is maternal Mediterranean diet during pregnancy, not feeding mode"
36304308,Exclude,"Primarily a machine-learning/bioinformatics pipeline development paper; breastfed-vs-formula trajectory analysis is an illustrative example using existing third-party data, not primary research"
36290309,Exclude,"Bacterial strain characterization/bioprospecting study; no breastfed-vs-formula comparison, all infants under normal breastfeeding"
36264997,Exclude,"Animal model (forest musk deer), not human infants"
36262322,Exclude,Non-stool specimen (colostrum/nipple skin microbiota); no infant gut microbiome outcome
36260082,Exclude,No breastfed-vs-formula comparison; all 19 dyads breastfeeding; exposure is sIgA-coated bacterial transmission patterns
36251466,Exclude,"Preterm population; outcome is milk allergen/protease proteomic content, not infant gut microbiome composition"
36243744,Exclude,"No breastfed-vs-formula comparison; all infants exclusively breastfed; outcome is infant growth, not gut microbiome composition"
36238465,Exclude,"Study protocol/cohort description (MYBIOTA), no results reported"
36235669,Exclude,"Expert consensus/recommendations article, not primary research"
36235668,Exclude,Non-stool specimen (human milk composition); no infant gut microbiome outcome; exposure is food insecurity and maternal diet
36216869,Exclude,No breastfed-vs-formula comparison; exposure is breast milk microbiota composition correlated with later caries/otitis/allergy outcomes in a breastfed cohort
36211486,Include,"RCT, healthy term infants; formula vs 2'FL-supplemented formula vs breastfed reference; fecal microbiome composition and glycoside-hydrolase gene expression (function) at baseline and 16 weeks"
36207675,Exclude,"Comparison is between two formula types (partially hydrolyzed formula with or without LGG), not breastfed-vs-formula; population has infantile colic"
36177457,Include,6617 public fecal metagenomes including 250 breastfed vs 217 formula-fed infants; direct comparison of feeding type's effect on microbial small-molecule metabolic functionality
36175995,Exclude,"Study protocol, no results reported; exposure is maternal fecal microbiota transplant vs placebo, not feeding mode"
36174911,Exclude,"Non-stool specimen (expressed breast milk); culture-based method; milk-storage-safety methodology study, not an infant cohort comparison"
36173468,Include,"61 full-term Chinese infants; direct comparison of breastfeeding vs mixed feeding pattern on gut microbiota composition (16S) and SCFA metabolism, stratified by delivery mode"
36163498,Exclude,Very preterm infant population (<32 weeks gestation)
36160202,Exclude,Non-stool specimen (human milk microbiome); no infant gut microbiome outcome
36142388,Exclude,"Outcome is urine metabolomic profile, not gut (stool) microbiome composition; non-stool specimen"
36130405,Exclude,"Methodological review article on studying the human milk microbiome, not a primary infant cohort study"
36094076,Exclude,In vitro/bioinformatic bacterial transcriptional-regulation mechanism study; no infant cohort
36091592,Exclude,"Exposure is maternal dietary nursing intervention type, not infant feeding mode; population has gestational diabetes; method appears to be targeted bacterial quantification, not full sequencing"
36081988,Exclude,"Animal model (piglets); outcome is PBMC gene expression, not gut microbiome composition"
36077271,Exclude,No breastfed-vs-formula comparison; exposure is sIgA-coated vs uncoated bacterial community composition
36073815,Exclude,"Primary exposure is maternal HIV status (HEU vs HUU), not feeding mode; breastfeeding exclusivity examined only as a secondary modifying factor"
36060782,Exclude,No breastfed-vs-formula comparison; all infants exclusively breastfed; exposure is maternal dietary intervention during lactation
36048299,Exclude,"Statistical/mathematical reanalysis of human milk microbiome datasets; non-stool specimen, not an infant cohort comparison"
36038938,Exclude,"Comparison is between two formula types (milk-fat-based vs vegetable-fat-based), not breastfed-vs-formula; all infants formula-fed"
36029771,Exclude,"Very-low-birth-weight preterm population; primary comparison is fortifier source type, not a breastfed-vs-formula comparison"
35995560,Exclude,"Animal model (rats), not human infants"
35990340,Exclude,"Comparison is between 2-HMO-supplemented formula and control formula (both formula-fed), no breastfed reference group mentioned"
35987195,Exclude,"Very-low-birth-weight preterm population; comparison is fortifier type, not breastfed-vs-formula"
35979712,Exclude,Non-stool specimen (human breast milk); no infant gut microbiome outcome
35978959,Exclude,Preterm/NICU infant population
35977466,Exclude,"Commentary/editorial on another paper, not primary research"
35968805,Exclude,"Exposure is postnatal ambient air pollution exposure, not feeding mode"
35943155,Exclude,In vitro/bioinformatic bacterial enzyme characterization study; no infant cohort comparison
35910651,Exclude,In vitro SHIME gut-simulator study; no direct infant cohort comparison
35903466,Exclude,"Non-stool specimen (colostrum microbiota); exposure is maternal ethnic origin, not feeding mode"
35900955,Exclude,"Narrative review/perspective article on immunomodulation and food allergy, not primary research"
35891376,Exclude,"Exposure is norovirus-associated acute gastroenteritis infection status, not feeding mode; very small sample (n=5)"
35883060,Exclude,No breastfed-vs-formula comparison; all infants breastfed; exposure is presence vs absence of detectable bacteria in breast milk
35881967,Exclude,"Preterm infant population; exposure is probiotic type comparison (B. infantis vs L. reuteri), not feeding mode"
35874592,Exclude,"Exposure is probiotic supplementation vs control formula, not breastfed-vs-formula; outcome is infection incidence, not gut microbiome composition"
35874571,Exclude,"Exposure is farming vs non-farming lifestyle, not a breastfed-vs-formula comparison"
35873420,Include,"Multicenter RCT, healthy infants; 5-HMO formula (two doses) vs control formula vs human-milk-fed reference group; shotgun metagenomic microbiome composition and gut maturation biomarkers at baseline, 3, and 6 months"
35863030,Exclude,"Animal model (rhesus macaques); studies maternal gut microbiome, not infant"
35856134,Exclude,Attitudinal survey study on peripartum antibiotic use; no gut microbiome data collected
35847080,Exclude,"Population has Hirschsprung's disease; age range extends to 16 years; comparison is by enterocolitis status, breastfeeding only an adjustment covariate"
35844612,Exclude,"Germ-free mouse model study (HMO gavage), not human infants"
35840772,Exclude,Primary exposure is fecal metabolite levels associated with childhood BMI; breastfeeding examined only as an effect modifier; no microbiome composition sequencing data reported
35836416,Exclude,In vitro bacterial growth/metabolism study (E. coli on DNA); no infant cohort
35832839,Exclude,Non-stool site (oral microbiome)
35831686,Exclude,"Opinion/policy article on infant formula marketing practices, not primary research"
35830777,Exclude,Non-stool specimen (human milk oligosaccharides); no infant gut microbiome outcome
35818243,Exclude,"Descriptive/perspective article on NICU nursing care and microbiome, not an original empirical study with defined methodology"
35807933,Exclude,"Study protocol, no results reported; exposure is maternal prebiotic fiber supplementation, not feeding mode"
35777115,Exclude,Non-stool specimen (breast milk pollutant levels); no infant gut microbiome outcome
35777109,Include,"RCT, 170 full-term infants; standard formula vs synbiotic+LC-PUFA+MFGM-supplemented formula vs breastfed reference group; microbiota maturation trajectories and neurodevelopment at 12 months and 4 years"
35773288,Exclude,Animal model (great apes); non-stool specimen (milk microbiome); not human infants
35768643,Exclude,"Primarily an in vitro bacterial community assembly mechanistic study; public metagenome data used only for consistency-checking, not a dedicated breastfed-vs-formula comparison"
35766923,Exclude,Food manufacturing facility environmental microbiome study; no infant cohort
35765472,Exclude,Food microbiology study of Salmonella in dairy products; no infant cohort
35760821,Exclude,In silico/bioinformatic HMO biosynthesis modeling study; no infant cohort
35754121,Exclude,Non-stool site (saliva); comparison is atopic-dermatitis vs non-AD status; breastfeeding duration examined only as a non-significant covariate
35745213,Exclude,Non-stool specimen (donor/mother's milk microbiota); preterm context; no infant gut microbiome outcome
35745141,Exclude,"Preterm infant population (<28 weeks gestation); outcome is SCFA metabolite levels only, not sequencing-based composition"
35744673,Include,"33 exclusively breastfeeding vs mixed-feeding (human milk + formula) mother-infant pairs at 6 weeks postpartum; 16S sequencing of fecal, oral, skin, and milk microbiota compared by feeding exclusivity"
35723336,Exclude,In vitro bacterial strain characterization study (LAB from breast milk); no infant cohort
35722310,Include,"62 healthy infants in four delivery-mode x feeding-type groups (VD-breastfed, VD-formula, CS-breastfed, CS-formula); fecal bacterial composition compared at 40 days, 3, and 6 months"
35718258,Exclude,"Narrative review article on microbiome and allergic disease prevention, not primary research"
35695455,Exclude,Preterm infant population (24-32 weeks gestation)
35685890,Exclude,"Comparison is between two formula types (extensively hydrolyzed vs regular), not breastfed-vs-formula; primary outcome is serum lipidome, not gut microbiome composition"
35684099,Exclude,"Population has cow's milk protein allergy, not healthy term infants; single-arm study with no breastfed-vs-formula comparison"
35684026,Exclude,"Outcome is intestinal permeability biomarkers (zonulin, occludin, LPS), not gut microbiome composition; no sequencing data"
35680662,Exclude,"Exposure is maternal antibiotic treatment during perinatal period, not feeding mode"
35679413,Exclude,"Primary exposure is lifestyle/industrialization status, not a breastfed-vs-formula comparison"
35676397,Exclude,"Non-stool specimen; no breastfed-vs-formula comparison; outcome is malnutrition status, not gut microbiome composition"
35659439,Exclude,Survey of healthcare professionals' recommended feeding practices; no infant gut microbiome data collected
35646726,Exclude,"Adult population (women, median age 28); gut microbiota measured in adulthood, not in infancy"
35632607,Exclude,"Non-stool specimen (blood); virome-only outcome; age range extends to 64.8 months, far beyond the 0-12 month window"
35631300,Exclude,"Preterm infant population; exposure is MCT oil supplementation vs no supplementation, not feeding mode"
35622224,Exclude,"No breastfed-vs-formula comparison; all 30 pairs breastfeeding; age range extends to 2 years, beyond the 0-12 month window"
35613795,Exclude,Cohort profile paper without reported breastfed-vs-formula comparison results specific to this review's question
35611376,Exclude,"Narrative review article on human milk microbiota, not primary research"
35585423,Exclude,In vitro bacterial strain characterization study (Enterococci); not a breastfed-vs-formula comparison
35565868,Exclude,"Very preterm infant population; comparison is formula with prebiotic additive vs control, not breastfed-vs-formula"
35565846,Exclude,"Non-stool specimen (human milk microbiota); storage-methodology study, not infant cohort comparison"
35565748,Exclude,"Mouse model study (necrotizing enterocolitis model), not human infants"
35558373,Exclude,Methodology/optimization study for bacteriophage isolation; preterm population; non-stool primary focus (milk bacteriophages)
35558362,Include,RCT: formula with L. paracasei F19 vs standard formula vs breastfed reference group; gut microbiome and serum metabolome compared at 4 and 12 months
35546890,Exclude,"Animal model (young pigs), not human infants"
35534183,Include,"56 antibiotic-exposed term infants vs 126 controls, longitudinal 16S sequencing birth to 2.5 years; direct comparison of breastfed vs formula-fed infants' post-antibiotic microbiota recovery pattern"
35528624,Exclude,"Non-stool site (skin); outcome is single fungal species (Malassezia) colonization, not gut bacterial composition"
35510588,Exclude,No breastfed-vs-formula comparison; all infants exclusively breastfed; exposure is maternal pomegranate juice consumption
35504279,Exclude,Adult human and germ-free mouse model study; not an infant cohort
35499022,Exclude,In vitro human cell line/C. elegans mechanistic study; no infant cohort
35497062,Exclude,"Primary outcome is environmental-enteric-dysfunction biomarkers, not gut microbiome composition; study found no association between EED markers and microbiota diversity"
35481924,Exclude,In vitro culture-based bacterial growth model; not a direct infant cohort comparison; preterm context
35478493,Exclude,"Exposure is maternal obesity/BMI status, not a breastfed-vs-formula comparison"
35465242,Exclude,Purely computational/molecular dynamics modeling study of enzyme mechanism; no infant cohort
35458130,Exclude,In vitro simulated intestinal fermentation/organoid model study; not a direct infant cohort comparison; includes toddlers beyond the 0-12 month window
35441543,Exclude,"Narrative review article on lactation-related breast inflammation, not an infant gut microbiome study"
35428865,Include,"3059 children; breastfeeding status directly associated with infant gut microbiota diversity and taxa abundance (Sutterella, Ruminococcus, Clostridium) at 6 months via 16S sequencing, linked to preschool BMI trajectories"
35417188,Exclude,"Population has severe acute malnutrition; exposure is B. infantis probiotic treatment vs placebo, not feeding mode; substantial gnotobiotic mouse model component"
35414043,Exclude,"Primary exposure is maternal HIV status (HEU vs HUU); breastfeeding access examined as a secondary factor; age range extends to 18 months, beyond the 0-12 month window"
35411305,Exclude,"Animal model (neonatal calves), not human infants"
35406036,Exclude,"Exposure is population/country-level historical breastfeeding duration patterns (ecological analysis), not an individual-level breastfed-vs-formula comparison"
35400500,Exclude,No breastfed-vs-formula comparison; all infants breastfed; exposure is geographic region and milk HMO composition
35396577,Exclude,"Preterm infant population; outcome is proportion of infants exposed to mother's own milk by 12 hours, not gut microbiome composition; quality-improvement study"
35384692,Exclude,"Non-stool specimen (breast milk microbiome); exposure is maternal antiretroviral therapy/antibiotic use, not feeding mode"
35379843,Exclude,Non-stool specimen (human milk microbiome); no infant gut microbiome outcome
35373193,Exclude,Survey study of food protein-induced enterocolitis syndrome; no gut microbiome data collected; disease population
35372092,Exclude,In vitro/transcriptomic bacterial mechanism study (Bacteroides dorei); no infant cohort comparison
35369105,Exclude,"Non-stool specimen (milk microbiome); exposure is maternal SARS-CoV-2 infection status, not feeding mode; no infant outcome"
35348015,Include,RCT: infant formula with prebiotics and postbiotics vs standard formula vs exclusively breastfed reference group; fecal microbiota composition (16S) and metabolome compared
35337258,Exclude,Preterm infant population; machine-learning tool-development study for necrotizing enterocolitis prediction
35334900,Exclude,"Comparison is between two formula types (cow milk formula vs extensively hydrolyzed formula), not breastfed-vs-formula"
35312049,Exclude,"Outcome is executive functioning in childhood (ages 8-10 years), far beyond the 0-12 month window; breastfeeding is an adjustment covariate, not the primary comparison; no association found"
35310842,Include,24 breastfed vs 10 formula-fed infants; direct metagenomic comparison of gut microbiome genera and functional genes
35298505,Include,28 Nigerian infants followed for one year; direct comparison of exclusively breastfed vs mixed-fed infants' gut microbiota composition (16S) and SCFA production
35295713,Include,"STRONG Kids 2 cohort, 23 breastfeeding vs 23 formula-feeding dyads; fecal bacterial metagenome composition and vitamin K biosynthetic gene content (function) compared, stratified by delivery mode"
35283139,Include,"Birth cohort of 1949 infants; exclusive breastfeeding dose-response directly associated with gut (and upper respiratory tract) microbiome diversity via 16S sequencing, with mediation analysis for childhood asthma risk"
35282976,Exclude,"Narrative perspective/commentary article on microbial metabolites in human milk, not primary research"
35280991,Exclude,Preterm infant population (<33 weeks gestation)
35273986,Exclude,"Mouse model study (suckling mouse pups), not human infants"
35270006,Exclude,"No breastfed-vs-formula comparison; all infants exclusively breastfeeding; outcome is body composition, exposure is milk HMO/bacterial profile"
35269946,Exclude,No breastfed-vs-formula comparison; all infants exclusively breastfed; exposure is HMO intake levels
35265817,Exclude,"Animal model (vervet monkeys), not human infants"
35264656,Exclude,In vitro bacterial co-culture mechanism study; no infant cohort
35252058,Exclude,"Method is targeted testing for two specific Bifidobacterium subspecies, not broad sequencing-based microbiome composition profiling"
35211851,Include,"A.MA.MI study, 45 infants at 12 months; type of milk-feeding (exclusive breastfeeding vs never exclusively breastfed) and weaning timing directly compared for fecal microbiota alpha/beta diversity"
35198457,Exclude,"Exposure is maternal hypertensive vs normotensive pregnancy status, not feeding mode"
35189979,Exclude,Non-stool site (upper airway/oropharyngeal microbiota)
35188073,Exclude,"Outcome is behavioral development (internalizing/externalizing) at up to age 10 years, far beyond the 0-12 month window"
35186776,Exclude,"Exposure is geographic location (China vs Spain) and delivery mode; samples collected at birth, not a feeding-mode comparison"
35179194,Exclude,Non-stool specimen (human milk HMO composition); no infant gut microbiome outcome
35156466,Exclude,"Narrative review article on lactation-related breast inflammation mechanobiological model, not an infant gut microbiome study"
35141305,Exclude,"Animal model (sows), not human infants"
35120150,Exclude,"Study protocol, no results reported"
35098958,Include,"RCT, healthy term infants in three groups: sn-2 palmitate formula, control formula, breastfed; fecal microbiota (16S), SCFA, and metabolomics compared at 8 and 16 weeks"
35096709,Exclude,"Study protocol, no results reported; primary exposure is complementary food type, not a breastfed-vs-formula comparison"
35096637,Exclude,"No breastfed-vs-formula comparison; all 69 infants exclusively breastfed; comparison is by food-allergy outcome status, not feeding mode"
35092420,Exclude,Structural biology/enzyme biochemistry study (crystal structures); no infant cohort
35071301,Exclude,Single mother-infant dyad case study; no breastfed-vs-formula comparison; exposure is milk bioactive component levels
35071138,Exclude,"Preterm infant population; exposure is B. infantis EVC001 probiotic supplementation vs control, not feeding mode"
35069493,Exclude,In vitro antimicrobial/antibiofilm activity study of HMOs against pathogens; no infant cohort
35038919,Exclude,Non-stool site (oral microbiota)
35032555,Exclude,"Preterm/very-low-birth-weight population; exposure is probiotic supplementation, not feeding mode; outcome is clinical NEC incidence, no gut microbiome composition data reported"
35011077,Include,"194 infants aged 3-9 months; direct comparison of exclusively breastfed vs not-breastfed infants' gut microbiota composition and diversity via 16S sequencing, with a vitamin-D-supplementation sub-analysis"
34993388,Exclude,Non-stool specimen (human milk HMO profile); no infant gut microbiome outcome; exposure is maternal vitamin D supplementation
34959998,Exclude,"Non-stool specimen (human milk); methodology/viability-testing study, not an infant cohort comparison"
34959899,Exclude,Non-stool specimen (breast milk); no infant gut microbiome outcome; exposure is maternal dietary habits and environmental contaminants
34944125,Exclude,Comparative cross-species (including multiple animal species) milk microbiome study; non-stool specimen; not a dedicated human infant breastfed-vs-formula comparison
34943281,Exclude,"Preterm infant population; exposure is weaning timing, not feeding mode; outcome is growth, no gut microbiome data"
34934118,Exclude,Non-stool specimen (colostrum microbiota); exposure is maternal GDM/obesity status; no infant gut microbiome outcome
34911947,Exclude,"Exposure is maternal rotavirus antibody levels and geographic cohort; outcome is vaccine immunogenicity, not a breastfed-vs-formula gut microbiome comparison"
34903081,Include,24 mother-infant dyads at 6 weeks postpartum; direct comparison of exclusive vs non-exclusive human milk feeding on infant (and maternal) gut microbiota alpha/beta diversity via 16S sequencing
34896087,Exclude,"Primary exposure is maternal environmental pollutant exposure; breastfeeding examined only as an effect modifier, not the primary comparison"
34889924,Exclude,No breastfed-vs-formula comparison; all 19 dyads breastfeeding; exposure is lactation-stage bacterial transmission patterns
34872407,Exclude,"Narrative review article on human milk and microbiota, not primary research"
34857830,Exclude,In vitro bacterial strain growth/enzyme characterization study; no infant cohort comparison
34849524,Exclude,"Outcome is enteropathogen detection (presence/absence), not gut microbiome composition via sequencing"
34836323,Exclude,Preterm infant population
34835469,Exclude,Bacterial strain characterization study (Klebsiella); not a breastfed-vs-formula comparison
34811557,Exclude,In vitro fermentation study using pooled fecal microbiota; not a direct infant cohort comparison
34808634,Exclude,"Exposure is maternal intrapartum antibiotic treatment, not feeding mode; all infants breastfed"
34804008,Exclude,No breastfed-vs-formula comparison; exposure is IgA2-bacterial association pattern; non-stool specimen primary (colostrum)
34788501,Exclude,In vitro bacterial competition mechanism study; no infant cohort
34788490,Exclude,"Preterm infant population; single-arm pre/post intervention study, no breastfed-vs-formula comparison"
34782785,Exclude,"News article, not primary research"
34775476,Exclude,"Extremely preterm infant population; exposure is timing of enteral feeding progression, not feeding mode category"
34756056,Exclude,Non-stool site (nasopharyngeal microbiome); no breastfed-vs-formula comparison; all infants breastfed
34731055,Exclude,In vitro/genomic bacterial transporter characterization study; no infant cohort
34707611,Exclude,"Non-stool specimen (human milk composition); exposure is maternal farming lifestyle, not feeding mode; no infant gut microbiome outcome"
34705611,Exclude,"Mouse model mechanistic study, not human infants"
34684601,Include,"Pilot study comparing breastfed vs formula-fed children's fecal and skin microbiome composition via 16S sequencing in the context of food allergy/atopic dermatitis, with paired maternal milk microbiome"
34684428,Exclude,"Study protocol, no results reported; includes a preterm infant cohort"
34683461,Exclude,"Exposure is human milk intake as one of several continuous inputs in a predictive modeling framework, not a direct breastfed-vs-formula comparison; age range extends to 2 years"
34677583,Exclude,Cohort explicitly includes both preterm and full-term neonates without a term-only subset analysis reported
34677417,Exclude,Outcome is stool metabolome only; no sequencing-based microbiome composition data reported in this study
34675385,Exclude,No breastfed-vs-formula comparison; Danish infant cohort studied without feeding-mode group comparison; includes mouse model validation component
34671923,Exclude,Bacterial strain isolation study with germ-free mouse colonization testing; no infant cohort comparison
34671642,Exclude,Single mother-infant dyad case study; no breastfed-vs-formula comparison
34669436,Exclude,In vitro/genomic bacterial strain characterization study; no infant cohort
34634105,Exclude,"Expert panel consensus/recommendations document, not primary empirical research"
34627277,Exclude,In vitro milk inoculation methodology study; preterm context; non-stool specimen; no infant cohort comparison
34621029,Exclude,Very preterm infant population
34617558,Include,"RCT, healthy term formula-fed infants; milk-oligosaccharide-supplemented formula vs control formula vs human-milk-fed reference; 16S microbiota, metabolites, and immune biomarkers compared at 2.5 and 4 months"
34582967,Exclude,"Mouse model study, not human infants"
34581614,Exclude,Non-stool specimen (human milk microbiome); no infant gut microbiome outcome
34576890,Exclude,"Comparison is across sample types (breast milk vs maternal feces vs infant feces) and infant age, not a breastfed-vs-formula feeding-mode comparison"
34576834,Exclude,Comparison is 2-HMO-supplemented formula vs standard formula (no breastfed reference group mentioned); outcome is respiratory illness risk with microbiome mechanism exploration
34576801,Exclude,Comparative genomic/bioinformatic study; no infant cohort
34576741,Include,1654 Canadian full-term infants; feeding status (breastfed vs non-breastfed) examined as a significant modifier of birth-mode/intrapartum-antibiotic effects on Bifidobacterium abundance via 16S sequencing and qPCR
34538323,Exclude,Analytical method-development study for HMO isomer characterization; no infant cohort
34511605,Exclude,Non-stool site (nasopharyngeal microbiome)
34510198,Exclude,Non-stool specimen (human milk microbiota); no infant gut microbiome outcome
34510180,Exclude,"Non-stool specimen (pumped milk microbiome); equipment/methodology comparison study, not an infant cohort comparison"
34496253,Exclude,"Mouse model mechanistic study (Peyer's patches, maternal IgA secretion), not human infants"
34484245,Exclude,"Animal model (newborn piglets); outcome is lung development/microbiota, not gut"
34477981,Exclude,No breastfed-vs-formula comparison; all infants presumably breastfed; exposure is breast milk free amino acid (threonine) concentration
34449678,Exclude,Cohort description/protocol paper without reported breastfed-vs-formula comparison results
34445166,Exclude,Bioinformatic/phylogenetic enzyme analysis study (bifidobacterial fucosidases); no infant cohort
34445039,Exclude,"Study protocol/cohort description; cohort retains only exclusively breastfed infants, no formula comparison"
34444993,Exclude,Molecular method-development and taxonomic identification study (B. infantis primers); not a breastfed-vs-formula comparison
34442687,Exclude,"Primary exposure is family socioeconomic status and host genetics, not a breastfed-vs-formula comparison"
34429515,Exclude,"Exposure is probiotic supplementation vs placebo, not feeding mode"
34394021,Exclude,"Primarily a narrative review supplemented with new findings; primary exposure is maternal prenatal depression, with feeding status as a stratifying covariate"
34380062,Exclude,"Commentary piece on another paper (Henrick et al., Cell), not primary research"
34369764,Exclude,In vitro/mechanistic study of milk fat globule effects on gut microecology; no direct infant cohort comparison
34361914,Exclude,In vitro batch fermentation study using fecal donors; very small sample (n=6); not a direct in vivo infant cohort comparison
34319225,Exclude,Comparative genomic/phylogenomic bacterial study; no infant cohort comparison
34293126,Exclude,Analytical method-validation study for GOS quantification; no infant cohort
34289833,Exclude,"Published erratum/correction, not a primary study"
34270527,Exclude,Narrative commentary article on breastfeeding and COVID-19; no empirical microbiome data
34262715,Exclude,"Outcome is fatty-acid (BCFA) composition in vernix/meconium, not gut microbiome composition; no sequencing data; includes preterm comparison"
34237996,Exclude,"Narrative perspective article on microbiome formation and breastfeeding (pediatric dentistry focus), not primary research"
34210038,Exclude,Non-stool specimen (breast milk microbiome); exposure is maternal celiac disease status; no infant gut microbiome outcome
34206664,Exclude,"Method is targeted qPCR for specific HMO-metabolizing gene regions, not broad sequencing-based microbiome composition profiling"
34199007,Exclude,"Population has cow's milk protein allergy; comparison is between two formula types; outcome is clinical, no gut microbiome composition data reported"
34196749,Exclude,Diagnostic/taxonomic method-validation study for Cronobacter identification; no infant cohort
34185789,Exclude,Non-stool specimen (breast milk); exposure is pathogen (Listeria monocytogenes) carriage; no infant gut microbiome outcome
34180592,Exclude,In vitro bacterial culture study (calcium palmitate effect); no infant cohort comparison
34172012,Exclude,Primary comparison is delivery mode (C-section vs vaginal) and formula supplementation type; no breastfed-vs-formula comparison arm reported
34163448,Exclude,No breastfed-vs-formula comparison; exposure is Bifidobacterium phylotype co-occurrence patterns across milk/maternal/infant samples
34143954,Exclude,"Exposure is B. infantis EVC001 probiotic supplementation, not feeding mode; infants breastfed"
34139746,Exclude,"Population is children aged 6-12 years, not infants"
34136830,Include,"Two Michigan cohorts, 33 mother-infant dyads; human milk exposure directly associated with infant gut bacterial community composition and richness at 12 months via 16S sequencing, compared against maternal BMI and growth outcomes"
34136438,Exclude,"Preterm/very-low-birth-weight population; exposure is antibiotic regimen, not feeding mode"
34124150,Exclude,Outcome is fecal metabolome only; no sequencing-based microbiome composition data reported in this study
34107825,Exclude,"Narrative review/expert opinion article on breast milk metabolome and maternal weight, not primary research"
36737495,Exclude,No breastfed-vs-formula comparison; all dyads breastfeeding; exposure is milk microbiota/HMO transfer patterns
34078892,Exclude,"Study design treats gut microbiome composition as predictor of fear-behavior outcome, not as the outcome of a feeding-mode comparison; no breastfed-vs-formula comparison"
34072117,Exclude,No breastfed-vs-formula comparison; all infants breastfed; exposure is geographic variation in milk HMO/lactose/protein composition
34071061,Exclude,Non-stool specimen (human milk virome); virome-only outcome; includes preterm comparison group
34066473,Exclude,Extremely/very preterm infant population
34064844,Exclude,Bioinformatic/machine-learning tool-development study using public metagenome-assembled genomes; no direct infant cohort comparison
34060814,Exclude,No breastfed-vs-formula comparison; all 20 pairs breastfed; exposure is HMO consumption pattern analysis
34060703,Exclude,In vitro fermentation study using infant fecal inoculum; not a direct infant cohort comparison
34057053,Exclude,Consumer survey of parent-reported symptom relief; no gut microbiome composition data collected
34012829,Exclude,"Age range spans 0-6 years, not restricted to the 0-12 month window; feeding mode is one of several examined factors without infant-specific breakdown reported"
34002074,Exclude,"News article, not primary research"
33988859,Exclude,"Preterm infant population; comparison is bovine colostrum vs donor milk supplement type, not breastfed-vs-formula"
33981943,Exclude,"Comparison is between two formula types (with vs without added MFGM/lactoferrin), not breastfed-vs-formula; all infants formula-fed"
33960272,Exclude,"Commentary article on COVID-19 and neonatal microbiome, not primary empirical research"
33946896,Exclude,"Animal model (preterm piglets); outcome is plasma metabolome, not gut microbiome composition"
33946343,Exclude,Non-stool specimen (breast milk microbiota); no infant gut microbiome outcome
33936012,Exclude,In vitro milk inoculation methodology study; preterm context; non-stool specimen; no infant cohort comparison
33924514,Exclude,"Comparison is between prebiotic-enriched formula and unsupplemented control formula (both formula), no breastfed reference group"
33920826,Exclude,"Animal model (young pigs); mediation analysis of existing animal datasets, not human infants"
33919138,Exclude,"Animal model (piglets), explicitly described as a preclinical neonatal model, not human infants"
33906488,Exclude,"Non-stool specimen (donor human milk); pasteurization methodology study, not an infant cohort comparison"
33905556,Exclude,"Exposure is farming lifestyle (Old Order Mennonite vs Rochester), not a breastfed-vs-formula comparison"
33898919,Exclude,Non-stool specimen (human milk microbiota); no infant gut microbiome outcome
33898497,Exclude,"Mouse model study (humanized GOS safety testing), not human infants"
33897650,Include,"New Hampshire Birth Cohort, 229 infants, 500 stool samples across the first year; feeding exclusivity/duration directly examined for its modulating effect on delivery-mode-associated gut microbiota taxonomic and functional (shotgun metagenomic) composition"
33885917,Exclude,No breastfed-vs-formula comparison; exposure is sample-type comparison (breastmilk vs stool vs meconium)
33878243,Exclude,No breastfed-vs-formula comparison; all children breastfed; exposure is bacteriophage sensitivity testing; disease population (functional GI disorders)
33854983,Include,"RCT, 108 infants: breastfeeding vs standard formula vs prebiotic/OPO-supplemented formula; fecal microbiota composition (16S) and functional profiles compared at 4 months"
33842380,Include,"A.MA.MI study, 53 infants at 6 months; exclusive vs non-exclusive breastfeeding directly compared for fecal microbiota alpha diversity and taxa abundance via 16S sequencing"
33831952,Exclude,"Narrative perspective/opinion article on human milk as a biological system, not primary research"
33814020,Exclude,"Animal model (rats), not human infants"
33810098,Exclude,In vitro enzyme engineering/biochemistry study (LnbB mutants); no infant cohort
33804415,Include,24 infants exclusively breastfed vs formula-supplemented by one month; direct comparison of gut microbiota composition (16S) and immune development via flow cytometry from birth to 6 months
33802996,Exclude,"Non-stool specimen (donor human milk); antimicrobial treatment methodology study, not an infant cohort comparison"
33798237,Exclude,"Study protocol, no results reported; includes a preterm infant subcohort"
33763438,Exclude,"Preterm infant population (32-36 weeks gestation, FLAMINGO study)"
33762689,Exclude,"Exposure is B. infantis EVC001 probiotic supplementation vs unsupplemented, not feeding mode; all infants breastfed"
33745738,Exclude,"Mouse model study (necrotizing enterocolitis), not human infants"
33744408,Exclude,Adult volunteers (19-24 years) used to simulate formula feeding; not an infant cohort study
33735474,Exclude,"Comparison is healthy vs eczema infant status, not breastfed-vs-formula; infants appear uniformly breastfed"
33727396,Exclude,Non-stool specimen (breast milk virome/microbiome); exposure is maternal HIV immunosuppression status; no infant gut microbiome outcome
33723382,Include,"12 subjects followed densely over the first 2 years; breastfeeding cessation directly linked to fecal butyrate production and compositional shifts via longitudinal 16S/metabolite profiling, with HMO-fucose-formate pathway analysis during breastfeeding"
33705273,Exclude,"Population has congenital heart disease; exposure is enteral delivery-set replacement frequency; outcome is equipment microbial contamination, not infant gut microbiome composition"
33684236,Exclude,"Comparison is by complementary-food-induced-diarrhea disease status, not feeding mode; includes rat model experiments"
33677972,Exclude,No breastfed-vs-formula comparison; all infants breastfed; exposure is maternal FUT2 secretor status
33671493,Exclude,"Outcome described is limited to targeted fecal Bifidobacteria abundance (not stated as broad sequencing), consistent with a qPCR/targeted quantification approach rather than full microbiome composition profiling"
33668266,Exclude,"Animal model (sows), not human infants"
33665175,Exclude,"Preterm infant population; exposure is B. infantis EVC001 probiotic feeding, not feeding mode"
33658063,Exclude,"Population is IBS-D patients and controls (not infants); comparison is by IBS diagnosis status, not feeding mode"
33650336,Exclude,"Exposure is maternal probiotic intake, not feeding mode; all infant-mother pairs presumably breastfeeding"
33643228,Exclude,Non-stool specimen (human milk microbiome); no infant gut microbiome outcome
33622378,Exclude,"Non-stool site (oral microbiota); exposure is genetic relatedness (biological vs adoptive), not feeding mode; no breastfeeding effect found"
33606675,Exclude,Theoretical/mathematical ecological modeling study; not primary empirical infant cohort research
33602730,Exclude,Single bacterial strain genome sequence announcement; not an infant cohort study
33579027,Exclude,"Outcome is cord blood cytokine/immunoglobulin profile, not infant gut microbiome composition"
33574421,Include,"RCT, 290 healthy infants; synbiotic formula (two doses) vs control formula vs exclusively breastfed reference group; fecal bifidobacteria abundance, pH, and SCFA compared"
33572789,Exclude,"Preterm infant population; exposure is genetic relatedness among siblings, not feeding mode"
33568231,Exclude,"Non-stool specimen; methodological quality-control study for milk microbiota research, not an infant cohort comparison"
33562104,Exclude,"Population has cow's milk allergy/sensitization; comparison is by disease status and probiotic persistence, not feeding mode"
33556125,Exclude,No breastfed-vs-formula comparison; all infants exclusively breastfed; exposure is delivery mode and maternal secretor status
33551026,Exclude,No breastfed-vs-formula comparison; all infants exclusively breastfed at baseline; exposure is allergenic solid-food introduction timing
33538807,Include,"Metagenomic data mining comparing urease-related gene abundance between breastfed and formula-fed infant gut microbiomes (functional outcome), alongside in vitro bacterial urea-metabolism characterization"
33536562,Include,"62 Taiwanese infants: exclusively breastfed (31) vs mixed/formula-fed (31), with vitamin D supplementation sub-groups; comparative metagenomic analysis of gut microbiota by feeding type"
33524387,Exclude,"Population has cow's milk allergy; comparison is among different formula types; outcome is atopic manifestations, not gut microbiome composition"
33479326,Exclude,"Descriptive multi-state survey of infant gut microbiome dysbiosis patterns; not structured as a direct breastfed-vs-formula comparison, findings reported as independent of diet"
33472584,Exclude,Qualitative interview study on research participation perspectives; no gut microbiome data collected
33450288,Exclude,Ethnobotanical/ethnopharmacological literature survey of medicinal plant use during lactation; not an empirical infant gut microbiome study
33442705,Exclude,Case study describing NICU COVID-19 policy; no gut microbiome composition data collected
33442535,Exclude,"Non-stool specimen (donor breast milk); bacterial strain characterization study, not an infant cohort comparison"
33434469,Exclude,Theoretical/mathematical modeling study; not empirical infant cohort data
33432577,Include,38 term C-section-born neonates; direct comparison of breast milk vs formula feeding on Treg/immune repertoire development and stool microbiome composition via 16S sequencing
33417698,Exclude,"Non-stool specimen (human milk microbiota); methodology/feasibility study on storage/culturing techniques, not an infant cohort comparison"
33411719,Exclude,Computational/bioinformatic drug-metagenome interaction study; not a breastfed-vs-formula comparison
33408705,Exclude,No breastfed-vs-formula comparison; exposure is Lactobacillus vertical-transfer pattern across milk/maternal/infant feces; age range extends to 2 years
33405258,Exclude,"Narrative literature review on cesarean section and infant gut microbiome, not primary research"
35537438,Exclude,"Title indicates a summary/commentary article; focused on very-low-birth-weight (preterm) infants, not healthy term infants"
33382954,Exclude,"Exposure is maternal artificial-sweetener consumption during pregnancy, not feeding mode"
33382612,Exclude,In vitro bacterial strain HMO-utilization screening study; no infant cohort
33373353,Exclude,"Narrative review article on human milk microbiota and health, not primary research"
33373099,Exclude,"Non-stool specimen (human milk); methodology/storage-extraction comparison study, not an infant cohort comparison"
33364945,Exclude,Rat model mechanistic study; B. fragilis strain merely isolated from one infant as source material
33353204,Exclude,"Primarily a methods paper demonstrating multivariate integration of host transcriptome and microbiome data; feeding-phenotype relationship is an illustrative application, not the primary comparative analysis"
33330584,Exclude,In vitro/genomic bacterial metabolism mechanism study (B. infantis fucose catabolism); no infant cohort
33329403,Exclude,Exposure is maternal gestational diabetes/obesity status; breastfeeding examined only as an adjustment confounder
33328537,Exclude,Non-stool specimen (milk metagenome); exposure is maternal diet; no infant gut microbiome outcome
33328245,Exclude,Preterm infant population (necrotizing enterocolitis study)
33326999,Exclude,"Title phrasing strongly suggests a commentary/perspective piece, not primary research; non-stool (milk) focus regardless"
33317529,Exclude,"Narrative review article on breastfeeding and antimicrobial resistance, not primary research"
33305047,Exclude,"Culture-based method, not sequencing; very small sample (n=14); feeding-pattern comparison showed minimal difference per the study's own findings"
33296087,Exclude,"Very-low-birth-weight preterm population; outcome is NEC incidence via quality-improvement bundle, no gut microbiome composition data"
33285021,Exclude,Comparison is between two formula types (standard vs MFGM-supplemented); no breastfed reference arm in this study's own cohort
33267614,Include,"37 mother-infant pairs in China followed 2 years; breastfeeding duration directly and quantitatively associated with infant gut microbiota composition via 16S sequencing at 6, 12, and 24 months"
33238955,Include,"41 infants in delivery-mode x feeding-pattern groups, 207 fecal samples from day 1 to 6 months; breastfeeding directly compared to formula feeding for restoration of cesarean-associated gut microbiota perturbation and infection risk"
33233359,Exclude,"Mouse model mechanistic study (E. coli O157 infection), not human infants"
33233250,Exclude,In vitro SHIME model study using a single obese child's fecal microbiota; not an infant cohort comparison
33232664,Exclude,"Animal model (wild chimpanzees), not human infants"
33228771,Exclude,"Primary exposure is place and mode of delivery, not feeding mode; breastfeeding data collected but not reported as the primary comparison in results"
33225894,Exclude,Primarily an in vitro/cell-line mechanistic study of a bacterial metabolite; infant cohort data referenced from a separate prior publication
33225662,Include,"Pakistani cohort, 46 infants (23 breastfed, 23 formula-fed), 0-4 months; direct comparison of gut microbiome composition via next-generation sequencing"
33194370,Exclude,"Disease population (acute infective gastroenteritis); age range extends to 5 years; comparison is primarily by infection etiology, not feeding mode"
33193162,Exclude,In vitro bacterial mono/co-culture growth study; no infant cohort
33191780,Exclude,In vitro bioreactor cross-feeding mechanism study; no infant cohort
33190215,Exclude,"Bacterial strain isolation/characterization study; no breastfed-vs-formula comparison, all infants breastfed"
33188413,Exclude,Non-stool specimen (breast milk microbiota); exposure is maternal diet; no infant gut microbiome outcome
33187120,Exclude,Non-stool specimen (human milk); age range extends to 48 months; no infant gut microbiome outcome
33167908,Include,"RCT, healthy term infants; mother's own milk reference vs amino-acid formula vs extensively hydrolyzed formula; stool microbiome composition (16S), pH, and short/branched chain fatty acids compared through 2 months"
33167488,Exclude,Non-stool site (oral microbiota)
33163077,Exclude,"Bacterial strain characterization/outbreak investigation study; no breastfed-vs-formula comparison, all infants breastfed"
33162961,Exclude,"Animal model (goat kids), not human infants"
33135412,Exclude,No breastfed-vs-formula comparison; exposure is maternal walnut consumption/urolithin metabotype; study found breastfeeding was not essential for the observed colonization pattern
33114672,Exclude,"Very-low-birth-weight preterm population; outcome is neurocognitive/behavioral assessment at age 5-6 years, no gut microbiome data collected"
33114073,Exclude,Primarily a comparative genomic/in vitro probiotic-strain characterization study; validation in breastfed infants is not a breastfed-vs-formula comparison
33107274,Exclude,"Narrative review article on mother-infant virome, not primary research; virome-focused outside bacterial PECO domain"
33105702,Exclude,"Primary analysis is age-related transition in SCFA-producing bacterial networks, not a direct breastfed-vs-formula comparison"
33102409,Exclude,"Bacterial strain isolation/characterization study; no breastfed-vs-formula comparison, all infants breastfed"
33096669,Exclude,"Narrative review article on human milk oligosaccharides and atopic disorders/food allergy, not primary research"
33019531,Exclude,In vitro bioreactor cross-feeding mechanism study; no infant cohort
33008316,Exclude,"Study protocol/cohort description, no results reported; primary exposure is maternal HIV status, not feeding mode"
32999316,Exclude,In vitro/ex vivo receptor pharmacology mechanism study; no infant cohort comparison
32978424,Include,91 term infants: breastfed (30) vs formula A (30) vs formula B (31); direct comparison of fecal bacterial composition over 4 months
32968008,Exclude,"Age range (10-18 months) exceeds the 0-12 month window; primary exposure is comprehensive nutritional status, not a breastfed-vs-formula comparison"
32965499,Exclude,"Preterm infant population (<32 weeks gestation, EPIFLORE study)"
32956415,Exclude,Preterm infant population (<33 weeks gestation)
32952010,Exclude,Bacterial strain isolation/characterization study; no infant cohort comparison
32946900,Include,"1667 infants; structural equation modeling path analysis directly testing breastfeeding (alongside birth mode and labor) as a predictor of infant gut microbiome composition, mediating childhood overweight and atopy"
32933181,Exclude,Adult population; in vitro SHIME/organoid-on-chip model study
32926654,Include,"ARCHGUT/BABYGUT cohorts, 36 infants at 6 months; human milk feeding extent (0-100%) directly examined as the major determinant of infant fecal bacterial alpha/beta diversity via 16S sequencing"
32917289,Include,"31 infants at risk of celiac disease; multi-omics analysis directly testing formula feeding (alongside cesarean delivery and antibiotic exposure) as an environmental risk factor shaping gut microbiota composition, function, and metabolome at birth, 3, and 6 months"
32915767,Exclude,"Non-stool specimen (human milk); storage methodology study, not an infant cohort comparison"
32912151,Exclude,Bacterial strain genotyping/glycan-utilization characterization study; not a breastfed-vs-formula comparison
32898875,Exclude,"Narrative review article on neonatal infections, not primary research"
32893879,Exclude,No breastfed-vs-formula comparison; all infants breastfed; comparison is by breast milk jaundice disease status
32893049,Include,RCT: fermented-formula-with-prebiotics vs prebiotic-only formula vs bioactive-compound formula vs control formula vs exclusively breastfed reference group; stool SIgA and gut microbiota composition compared over 6 months
32888417,Exclude,Non-stool specimen (breast milk microbiota); preterm context; no infant gut microbiome outcome
32887539,Include,91 Hispanic infants; human milk (at breast vs pumped) vs two formula types (traditional vs lactose-reduced with added sugar) directly compared for gut microbiota composition at 1 and 6 months
32886113,Exclude,"Outcome is fractional iron absorption via isotope labeling, not gut microbiome composition; no sequencing data"
32886107,Exclude,Non-stool specimen (human milk microbiota); no infant gut microbiome outcome
32872165,Exclude,Bacterial strain characterization study with animal model validation; no infant cohort comparison
32863061,Exclude,"Preterm infant population; comparison is own mother's milk vs donor human milk, not breastfed-vs-formula"
32859139,Exclude,Non-stool site (salivary microbiome)
32854237,Exclude,Preterm infants (23-36 weeks gestation); outcome is breast-milk MDSC immune cells not infant gut microbiome composition
32849405,Exclude,Animal study (pigeon milk microbiota transmission to squabs)
32842688,Exclude,Human milk microbiota only; no infant stool composition data
32834834,Exclude,"Narrative review of HMO functional biology, not primary research"
32825795,Exclude,Methods study on milk sample collection/skimming effect on milk microbial profile; not infant stool composition by feeding mode
32825705,Exclude,"Exposure is maternal diet/milk lipid composition, not breastfed-vs-formula comparison; all dyads appear breastfed"
32800814,Exclude,Infant botulism epidemiology; no gut microbiome composition outcome
32794468,Exclude,"NICU colonization by multidrug-resistant organisms via culture swabs, not sequencing-based composition; likely preterm population"
32779963,Exclude,"Primary exposure is vitamin D supplementation; breastfeeding status used as stratifying covariate, not the analyzed comparison"
32753508,Exclude,Animal model (porcine/piglet ileal metagenome)
32747701,Exclude,Human breast milk microbiome and bacterial extracellular vesicles only; no infant stool data
32734137,Exclude,HMO composition/concentration profiling study; no infant gut microbiome sequencing outcome
32721872,Exclude,"Strain-level genomic characterization of B. longum isolates, not community composition profiling"
32698596,Exclude,Outcomes are growth and GI tolerance (IGSQ); no microbiome composition outcome reported
32697542,Exclude,"Clinical practice/advocacy article on breastfeeding promotion, not primary research"
32689933,Exclude,Human milk microbiota only (3 months postpartum); no infant stool composition data
32678209,Exclude,In vitro fermentation of cultured infant fecal microbiota with isolated disaccharides
32668744,Exclude,In vitro fermentation using infant fecal slurries; no infant cohort comparison by feeding mode
32665196,Exclude,"All infants breastfed with no prior antibiotics; no breastfed-vs-formula comparison, primary exposure is antibiotic prophylaxis"
32660555,Exclude,"Disease population (NEC/meconium peritonitis/Hirschsprung's) with ileostomy; primary comparison is by disease, not feeding mode"
32655529,Exclude,"Breast milk microbiota only, linked to celiac disease development; not infant stool composition by feeding mode"
32652062,Include,CHILD Cohort study directly comparing infant gut (stool) microbiota composition by breastfeeding exclusivity/duration and feeding mode (nursing vs pumping)
32636292,Exclude,Preterm infants (28-32 weeks gestation) skin-to-skin RCT protocol; no results yet reported
32620774,Exclude,"In vitro/bacterial genomic characterization of Clostridiales HMO-utilization pathways, no infant cohort"
32615579,Exclude,"RCT compares two formula groups (control vs prebiotic-added formula), no breastfed comparison arm"
32614839,Exclude,"Age range 3-18 years (mean 11), far beyond 0-12 month window"
32613402,Exclude,"Fecal bifidobacteria proportion appears determined by targeted quantification, not broad sequencing-based composition profiling"
32610248,Exclude,"Primary exposure is proximity to natural environments; breastfeeding used as a stratifying covariate, not the analyzed comparison"
32581284,Exclude,"Primary exposure is center-based childcare entry; breastfeeding is a covariate, not the primary comparison"
32580987,Exclude,ABERRANT study protocol (antibiotic-microbiome disruption cohort); no results yet reported
32555719,Exclude,"Resistome assessed via qPCR-array (SmartChip), not sequencing-based composition; feeding habits used as covariate not primary comparison"
32545413,Exclude,"All mothers breastfeeding, no formula comparison group; exposure is ethnicity/BMI not feeding mode"
32543266,Exclude,Human milk microbiota only across lactation stages; no infant stool composition data
32541791,Exclude,"Oral (saliva) microbiome, not gut/stool composition"
32528425,Exclude,"Moderate-late preterm infants (32-37 weeks gestation), excluded preterm population"
32518196,Exclude,Maternal vaginal/urinary microbiome and preterm birth risk; not infant gut microbiome
32517123,Exclude,"RCT of probiotic vs placebo in colicky breastfed infants (no formula comparison); bacterial quantification via real-time PCR, not sequencing-based composition"
32509465,Exclude,"All infants exclusively breastfed, no breastfed-vs-formula comparison; cross-sectional milk-stool vertical transfer study"
32505404,Exclude,Cronobacter detection assay development in powdered infant formula; no infant microbiome outcome
32503420,Exclude,"Human milk mycobiota (fungal), not bacterial infant gut composition; sample is milk not infant stool"
32498722,Exclude,In vitro oral pathogen (S. mutans) growth/adhesion assay; no infant cohort
32483147,Include,"RCT comparing standard formula, L. paracasei-fermented formula, and breastfeeding reference in healthy term infants; microbiota composition assessed as secondary outcome"
32478013,Exclude,"Disease-status comparison (breast milk jaundice vs no jaundice), both groups breastfed; not a feeding-mode comparison"
32461640,Exclude,"Outcome is virome/bacteriophage composition, not bacterial taxonomic composition (out of PECO scope)"
32456550,Exclude,No microbiome outcome; study of breastfeeding rates by delivery mode only
32453977,Exclude,"Age range to 48 months far exceeds 0-12 month window; no explicit breastfed-vs-formula comparison, exposure is weaning diet"
32453615,Include,"Longitudinal birth cohort analyzing breastfeeding status as a main factor (with delivery mode, ethnicity) influencing infant gut microbiota composition"
32443684,Include,RCT of supplemented infant formulae vs breastfed reference group in healthy term infants; stool microbiota profiles assessed
32436356,Exclude,No gut microbiome composition outcome; atopic dermatitis risk by delivery mode study
32436034,Exclude,"Bacterial enzyme (beta-galactosidase) characterization for GOS production, no infant cohort"
32435235,Include,"Healthy Chinese infants grouped by feeding method (exclusively breastfed, mixed-fed, exclusively formula-fed, complementary-fed); fecal 16S rRNA sequencing and metabolomics"
32429921,Exclude,"Survey of donor human milk program practices in NICUs for premature infants; no infant microbiome outcome, preterm population"
32425510,Exclude,"Bioinformatics integration/review of existing gene-expression data, not primary infant cohort composition study"
32420676,Exclude,In vitro fermentation of FOS/inulin using pooled infant fecal inocula
32414385,Exclude,"Oral (saliva) microbiome in adolescents (mean age 11.7y), far beyond 0-12 month window"
32404742,Exclude,Preterm infants (<31 weeks gestational age) receiving probiotics; excluded preterm population
32401228,Exclude,"Narrative/opinion piece on COVID-19 precautions for newborns, not primary research with microbiome outcome"
32398661,Exclude,"All mothers breastfeeding; primary exposure is maternal fish oil supplementation, not breastfed-vs-formula comparison"
32393048,Exclude,"Narrative review/opinion on HMOs and infant formula improvement, not primary research"
32392251,Maybe,Machine-learning study identifying metagenomic predictors of breastfeeding status among other phenotypes in 300 infants; full text needed to confirm term/age-window population and extractable feeding-mode composition comparison
32387533,Exclude,No gut microbiome composition outcome; allergic rhinitis risk by delivery mode study with breastfeeding as covariate
32352849,Exclude,"Suckling rabbit model plus in vitro/ex vivo (Caco-2, organoids), no human infant cohort"
32351036,Exclude,"Stool sampling at age 5 years, far exceeds 0-12 month window"
32346537,Exclude,"Conceptual/narrative ecosystem-services framework paper, not primary research"
32330237,Include,"RCT comparing breastfed, dairy-based formula, and soy-based formula infants; stool 16S rRNA sequencing and metabolomics at 3/6/9/12 months"
32329623,Exclude,Narrative review of HMO bioactive functions
32306442,Exclude,Case-control study of antibiotic use and Kawasaki disease; no microbiome composition outcome
32295092,Exclude,Human milk microbiota response to maternal prebiotic intervention; no infant stool data
32293504,Include,A.MA.MI cohort study protocol with reported preliminary results showing breastfed-vs-formula-fed infants differ significantly in gut microbiota composition (genus/species level) via 16S rRNA sequencing at 1 month
32275305,Exclude,All infants exclusively breastfed (excessive vs normal weight gain comparison); no breastfed-vs-formula comparison
32270658,Include,Breast milk-fed vs formula milk-fed newborn infants compared by metagenomic sequencing of initial fecal microbiota composition
32252145,Exclude,Narrative review of human breast milk components (macronutrients/microbiome/miRNA)
32247727,Exclude,"Commentary on dysbiosis in very-low-birth-weight (preterm) infants; non-primary research, preterm population"
32234317,Exclude,Mouse model of experimental necrotizing enterocolitis and fecal microbiota transplantation
32220841,Exclude,In vitro pure culture/coculture study of bifidobacterial GOS/FOS utilization; no infant cohort
32216468,Exclude,"RCT of maternal probiotic administration to nursing women; outcomes are infant growth/infection, no breastfed-vs-formula comparison, microbial quantification not composition sequencing"
32207765,Exclude,Mouse model of L. plantarum BF_15 colonization and immunoregulation
32188978,Exclude,"Human milk microbiota/HMO composition in lactating mothers only, no infant stool composition data"
32185412,Exclude,"Fluorescent in situ hybridization (FISH) targeted quantification of bacterial groups, not sequencing-based composition profiling"
32184252,Include,RCT: HMO-supplemented formula vs control formula vs breastfed reference in healthy term infants; stool 16S rRNA sequencing at 3 and 12 months
32179676,Exclude,Mouse model of maternal EGFR activation and E. coli translocation in neonatal sepsis
32160858,Exclude,"Primary exposure is timing of complementary feeding; breastfeeding is an adjustment covariate, not the analyzed comparison"
32144305,Exclude,"All infants healthy breastfed, no breastfed-vs-formula comparison group"
32140470,Exclude,Published erratum/corrigendum
32113772,Exclude,"Characterization and in vitro screening of probiotic LAB/bifidobacteria isolated from human colostrum, no infant cohort comparison"
32108360,Exclude,"Primary comparison is Finnish vs Estonian allergy sensitization; breastfeeding reported as one contributing factor, not the primary analyzed exposure"
32100173,Exclude,"Birth cohort profile/protocol paper (Lifelines NEXT), no results reported"
32088749,Exclude,"Very small case-series design (individual-infant labeling, n~6) using culture-based lactobacilli counts/PCR-DGGE, not sequencing-based composition profiling"
34429696,Exclude,"Bacterial enzyme (fucosidase) biochemical characterization study, no infant cohort"
32070310,Exclude,"Premature/NICU infants; culture- and PCR-based pathogen colonization status, not sequencing-based composition"
32068229,Exclude,"Human milk SCFA/MCFA fatty-acid composition study by gestational age, no infant gut microbiome outcome"
32047925,Exclude,"RCT of legume supplementation vs control in breastfed Malawian infants; primary exposure is legume supplementation, not feeding mode comparison"
32039120,Exclude,Animal model (rhesus monkey infants)
32035224,Exclude,"No breastfed-vs-formula comparison (exclusively/predominantly breastfed cohort); outcome is HERV transcription, not gut microbiome composition"
32028108,Exclude,"Healthy adult subjects, not infants"
32023624,Exclude,"Drosophila (fruit fly) model and in vitro Caco2 cell assay, not human infant cohort"
32023276,Maybe,Term infant cohort with feeding-type/delivery-mode grouping using IS-pro profiling; full text needed to confirm a reported breastfed-vs-formula composition comparison (reported results focus on antibiotics effect) and whether IS-pro meets the sequencing-based composition bar
32014993,Exclude,No breastfed-vs-formula comparison (all breastfed); exposure is maternal diet-derived HMO levels correlated with infant stool taxa
32010090,Exclude,Premature infants; formula vs breast milk comparison in preterm population excluded by design
31999352,Exclude,"Narrative review on maternal obesity complications, not primary infant microbiome research"
31993433,Exclude,"Very-preterm infants (24-31 weeks gestation), excluded preterm population"
31990909,Exclude,Breast milk microbiome and enteromammary transfer focus; not a systematic infant stool composition comparison by feeding mode
31990220,Exclude,Human milk mycobiota (fungal) composition; not infant stool bacterial composition; includes premature infants
31969452,Exclude,"Gnotobiotic mouse model colonized with human-derived bacterial consortia, not an infant cohort comparison"
31965842,Exclude,"All infants formula-fed (no breastfed comparison arm); primary outcome is secretory IgA, not microbiome composition"
31958431,Include,"Longitudinal cohort (stool at 5/13/21/31 weeks, amplicon sequencing) analyzing breastfeeding cessation as a primary determinant of gut microbiota composition within the 0-12 month window"
31944159,Exclude,"Hirschsprung disease population; primary comparison is postoperative enterocolitis outcome, breastfeeding is a secondary protective-factor finding"
31941810,Exclude,Disease-focused study (Campylobacter infection/diarrhea) in LMIC infants; no breastfed-vs-formula comparison group
31924794,Exclude,"DNA extraction methodology validation study using mock/individual milk samples, no infant cohort comparison"
31921134,Include,"CHILD Cohort study (n=1554) comparing gut microbiome profiles by feeding modality (exclusively breastfed vs exclusively formula-fed vs partially breastfed) at 3-4 months, stratified by C. difficile colonization"
31921063,Exclude,Human milk microbiota and maternal weight; no infant stool composition data
31915378,Exclude,Mouse model of maternal antibody protection against enteric infection
31889973,Exclude,RCT protocol (no results yet); population includes late preterm infants (34-37 weeks gestation)
31845414,Exclude,"Outcome is fecal secretory IgA via ELISA, not microbiome composition; CHILD cohort"
31844574,Exclude,"Built-environment (lactation room/daycare surface) microbiome study, not infant or milk microbiome"
31841548,Exclude,"Primary comparison is GDM vs normoglycemic maternal offspring; breastfeeding-vs-formula composition difference is a secondary PCoA observation, not the primary design comparison"
31836727,Exclude,"Oral (saliva) microbiota development, not gut/stool composition"
31824453,Exclude,"Cultivable human breast milk microbiota storage study, no infant stool composition data"
31819085,Exclude,"Methanogenic archaea culture from human colostrum/milk, no infant gut composition comparison"
31816998,Exclude,"Adult subjects (obese/lean), oral microbiome; breastfeeding during infancy is only a correlate variable"
31803156,Exclude,"Human milk microbiota characterization (NGS and MALDI-TOF), no infant stool composition data"
31797399,Exclude,RCT of probiotic vs placebo in exclusively breastfed infants with colic; no breastfed-vs-formula comparison
31796826,Exclude,"Computational genome-scale metabolic modeling of bifidobacterial strains, no infant cohort"
31782587,Exclude,"Outcome is neurocognition/behavior (Bayley-III, CBCL); no gut microbiome composition data reported"
31773126,Exclude,Primary exposure is Campylobacter burden; breastfeeding used only as an adjustment covariate
31771976,Exclude,Focus is immunoglobulin-microbiome coating interactions; no explicit breastfed-vs-formula group comparison reported
31762512,Exclude,"DNA extraction methodology comparison study (stool, fish gut, soil, milk), no infant cohort comparison"
31761973,Exclude,"All infants exclusively breastfed; comparison is vitamin B12 status, not feeding mode"
31753895,Exclude,Preterm infants (28+0-32+6 weeks gestation); study protocol with no results yet reported
31740752,Exclude,"Strain-level genomic characterization and in vitro cross-feeding experiments, no breastfed-vs-formula comparison"
31736150,Exclude,"Breast milk microbiome (not infant stool) analyzed in relation to allergy development, not a feeding-mode comparison"
31714477,Exclude,"Extremely preterm infants (<26 weeks gestation), excluded preterm population"
31709968,Exclude,"Outcome is fecal polyamine/amine content via HPLC chemistry, no sequencing-based microbiome composition data"
31708933,Exclude,"Breast milk exosomal miRNA content in mothers with type 1 diabetes, no infant gut microbiome outcome"
31695687,Exclude,Human milk microbiome and maternal psychosocial distress; no infant stool composition data
31684806,Exclude,Narrative discussion/commentary on human milk microbiota origins
31682925,Exclude,"Outcome is salivary nitrate/nitrite chemistry (oral), not gut/stool microbiome composition"
31671757,Exclude,No breastfed-vs-formula comparison; primary exposure is maternal HMO secretor status and iron/GOS fortification intervention
31671720,Exclude,Human milk microbiota modulated by maternal diet; no infant stool composition data
31666311,Exclude,"Preterm/high-risk NICU neonates; outcome is clinical NEC/sepsis incidence, no microbiome composition data"
31659215,Exclude,"Single bacterial strain isolate genomic/transcriptomic characterization, in vitro, no infant cohort comparison"
31656736,Exclude,"Bacterial strain isolation and in vitro probiotic characterization from breast milk, no infant cohort comparison"
31655999,Exclude,"Adolescent population, age range far exceeds 0-12 month window"
31612908,Exclude,Narrative perspective/review article on HMOs and obesity prevention
31589310,Exclude,Exposure is milk-to-solid-food dietary transition timing; no breastfed-vs-formula comparison
31566084,Exclude,"Biochemical/industrial-scale oligosaccharide production methods study, no infant cohort"
31550982,Exclude,No breastfed-vs-formula comparison (describes general lactation-to-weaning transition); small n=10 case-series design
31534227,Include,"Large shotgun metagenomic cohort (Baby Biome Study, n=596 full-term infants) reporting that gut microbiota disruption effects were also seen in babies not breastfed during the neonatal period, an analyzed feeding-status comparison"
31520068,Exclude,"In vitro colon simulator fermentation model using donor feces, not an infant cohort comparison"
31506017,Exclude,Narrative targeted review of infant gut microbiome development determinants
31504817,Exclude,"Outcome is fungal (Candida/yeast) colonization, not bacterial gut microbiome composition"
31498715,Include,Latino infant cohort directly comparing gut microbiome alpha/beta diversity by exclusive breastfeeding status at 4-6 weeks and 6 months
31489370,Exclude,"Genomic/structural characterization of bifidobacterial fucosyllactose transporters, not a direct infant cohort comparison"
31481742,Exclude,"Stool sampled at age 6 years, exceeds 0-12 month window"
31464891,Exclude,Database study of gastroenteritis and allergic disease outcomes; no gut microbiome composition data
31443102,Exclude,All infants exclusively breastfed (EVC001 probiotic vs breast milk alone); no breastfed-vs-formula comparison
31429260,Exclude,"Analytical chemistry method development (TLC-MALDI MS) for oligosaccharide profiling, no infant cohort comparison"
31423298,Exclude,All infants breastfed (EVC001-fed vs lactation-support-alone controls); no breastfed-vs-formula comparison
31415742,Exclude,"Commentary/perspective article discussing another study, not primary research"
31413237,Exclude,Examines oral-bacteria transfer into formula via artificial nipple using adult subjects; not an infant gut microbiome composition study
31406230,Include,"RCT comparing bovine MFGM-supplemented formula, standard formula, and breastfed reference infants; fecal microbiome and metabolome assessed"
31395930,Exclude,"Outcome is childhood overweight at age 7/11 years; no microbiome composition data, age range exceeds window"
31394347,Exclude,Colostrum (milk) microbiome and environmental pollutant exposure; no infant stool composition data
31380329,Exclude,Outcome is milk HMO composition and infant growth; no infant gut microbiome composition data reported
31375480,Exclude,"Primary comparison is country (Indonesia vs New Zealand); breastfeeding differences are a post-hoc inferred explanation, not a directly analyzed comparison"
31356917,Exclude,"Primary exposure is phthalate (DEHP) exposure, not feeding mode; study explicitly excluded exclusive breastfed/formula feeders"
31348478,Exclude,Mouse model of perinatal genistein consumption
31347944,Include,South African infant cohort directly comparing gut bacterial composition between exclusively breastfed (EBF) and nonexclusively breastfed (NEBF) infants
31341570,Exclude,"Preterm neonates; targeted qPCR quantification of specific taxa, not sequencing-based composition"
31331308,Exclude,"Study protocol (Emory cohort), no results reported yet"
31327562,Exclude,"Cow's milk allergy (CMA) disease population; outcome is functional GI disorder incidence, not microbiome composition"
31301329,Exclude,"Breast pump kit decontamination methods study, no infant microbiome data"
31296739,Exclude,Age range 1-60 months exceeds 0-12 month window; no breastfed-vs-formula comparison (focus is undernutrition/community covariance structure)
31294381,Exclude,IBD epidemiology report; no infant microbiome composition data
31284413,Include,Infants before 6 weeks compared by delivery and feeding mode (vaginal/breastfed vs cesarean/formula/mixed); 16S rRNA and targeted gene sequencing of Bifidobacterium/Lactobacillus composition
31281295,Exclude,Mouse model of maternal non-nutritive sweetener exposure
31256979,Exclude,Survey study of antibiotic knowledge/practices among breastfeeding mothers; no microbiome data
31255274,Exclude,"Bacterial strain characterization (Bacillus cereus) in powdered infant formula processing environment, no infant cohort"
31253623,Exclude,"Cohort profile/protocol paper (HELMi); only descriptive enrollment statistics reported, no composition analysis yet"
31226873,Exclude,Human breast milk bacteriome study; no infant stool composition data
31226006,Include,"Chinese infant cohort (n=102), stool at birth/42d/3mo/6mo, high-throughput sequencing; delivery and feeding mode directly analyzed as factors affecting gut microbiota composition"
31222157,Maybe,No abstract available (title suggests editorial/commentary on early limited formula supplementation trial); full text needed to determine content and whether a microbiome composition outcome is reported
31219214,Exclude,"Cross-species primate milk microbiome comparison (includes nonhuman primates); milk microbiome only, no infant stool composition data"
31209335,Exclude,Preterm infant population (NEC); includes mouse model validation component
31197506,Exclude,"Low birth weight infants; comparison is probiotic vs non-probiotic formula supplement, no breastfed-vs-formula comparison"
31196229,Exclude,"In vitro prebiotic/anti-infection assay of goats' milk formula oligosaccharides, no infant cohort"
31182726,Exclude,"Infant oral microbiome and maternal precolostrum (milk), not infant gut/stool composition"
31172651,Exclude,"Mechanistic/observational study of HMO co-evolution in breastfed infants only, no breastfed-vs-formula comparison"
31164972,Exclude,"Primary population is non-IgE cow's milk allergy (disease) infants; healthy breastfed group serves only as a reference, not the primary analyzed comparison"
31157227,Exclude,"Human milk microbiota/oligosaccharide/fatty acid integrated analysis, CHILD cohort; no infant stool composition data"
34278055,Include,Shotgun metagenomic comparison of breast-fed (n=10) vs formula-fed (n=5) infants' gut microbiome composition and functional genes
31138818,Exclude,"Single bacterial strain (B. infantis Bi-26) transcriptomic/metabolite characterization study, in vitro, no infant cohort"
31132782,Exclude,Very-preterm infants; study protocol with no results yet reported
31128887,Exclude,"Bacterial strain (Cutibacterium avidum) phylogenetic/phenotypic characterization study, no infant cohort composition comparison"
31111150,Exclude,Narrative review of breast milk composition and immunological outcomes
31107919,Exclude,"Preterm infants (GA <=32 weeks), excluded preterm population"
31091150,Exclude,Animal model (preterm pigs)
31086354,Exclude,"Very low birth weight (VLBW) infants, excluded preterm population"
31063198,Exclude,"All breastfeeding dyads; examines milk-oral-fecal microbiome associations, no breastfed-vs-formula comparison"
31058158,Exclude,"All breastfed infants (INSPIRE study); cross-geographic comparison, no breastfed-vs-formula comparison"
31053102,Exclude,"MAMI cohort protocol description, no results reported yet"
31041458,Exclude,"Outcome is neurocognition at 11 years of age; no microbiome composition data, age far exceeds window"
31030313,Exclude,"In vitro enzymatic synthesis and bacterial growth assay study, no infant cohort"
31025407,Exclude,"Skin microbiome of mother-infant dyads, not gut/stool microbiome"
31017343,Exclude,"All infants breastfed (KOALA cohort); no breastfed-vs-formula comparison, exposure is HMO consumption correlation"
31012086,Exclude,"All healthy breastfeeding infants (INSPIRE study); exposure is household composition, not feeding mode"
30985209,Exclude,"Conference introductory piece (no content), not primary research"
30985208,Exclude,"No abstract available; title indicates narrative/perspective piece on milk lipidomics, not infant gut microbiome primary research"
30985206,Exclude,"No abstract available; title indicates narrative/commentary piece, not primary infant gut microbiome research"
30985204,Exclude,"Conference opening remarks, not primary research"
30985201,Exclude,"Conference proceedings piece (no content), not primary research"
30985199,Exclude,Conference proceedings piece (no content); title indicates narrative topic
30985198,Exclude,"Conference proceedings piece (no content), not primary research"
30985197,Exclude,Conference proceedings piece (no abstract content available to confirm primary research findings)
30984764,Exclude,"In vitro intestinal cell line study (HT-29, Caco-2, HIE cells), no infant cohort"
30982856,Exclude,"Very low birth weight infants, excluded preterm population"
30972048,Include,Direct comparison of exclusively breastfed vs mixed-fed infants (within cesarean and vaginal delivery groups) via 16S rRNA sequencing at 6 weeks postpartum
30940702,Exclude,All infants breastfed (no breastfed-vs-formula comparison); includes mouse model mechanism component
30938032,Exclude,Animal model (newborn lambs)
30932710,Exclude,"Bacterial strain (C. botulinum) whole-genome characterization study, no infant cohort comparison"
30916575,Exclude,"Disease/treatment population (children 0-5y undergoing bone marrow transplant), not healthy infants; age range extends to 5 years"
30915455,Exclude,"NICU population; focus is feeding-tube bacterial colonization device study, not infant gut composition by feeding mode as primary comparison"
30914378,Exclude,"Fecal sampling at age 3 years, exceeds 0-12 month window"
30905830,Exclude,"Fungal (mycobiome) outcome of breastmilk/NICU surfaces, not infant stool bacterial composition"
30894435,Exclude,"Country-level comparison (Finland vs Russia) and bioinformatics functional-analysis tool development, not a breastfed-vs-formula comparison"
30883572,Include,"Michigan cohort reporting a significant association between infant gut microbiota community composition and breastfeeding exclusivity (p=0.008), alongside maternal pre-pregnancy BMI"
30882766,Exclude,"Qualitative/survey study of nurses' views on donor milk use, no microbiome data"
30865989,Exclude,Narrative review of milk lipid biology
30865987,Exclude,Narrative review of HMO functions
30865986,Exclude,Narrative review of metabolomics in human milk research
30865985,Exclude,"Conference proceedings summary (no content), narrative topic"
30865983,Exclude,Narrative review of early-life nutrition and microbiome development
30865978,Exclude,Narrative review of human milk protein composition
30865976,Exclude,Narrative review of HMO composition determinants
30851363,Exclude,"Very low birth weight preterm infants, excluded preterm population"
30834328,Exclude,"Very low birth weight preterm infants, excluded preterm population"
30824446,Exclude,"Fungal (mycobiome) profiling of breast milk, not infant stool bacterial composition"
30813950,Exclude,No breastfed-vs-formula comparison; primary exposure is environmental toxicant levels in breast milk
30792412,Include,"Direct comparison of breastmilk, prebiotic-fortified formula, mixed feeding, and traditional formula on fecal microbiota composition in 2-12 week infants via 16S sequencing"
30778401,Exclude,"Fecal sampling at mid-childhood (6-8 years), exceeds window; primary exposure is prenatal environmental chemical exposure"
30778389,Exclude,"Breast milk microbiota by delivery mode/antibiotic exposure, no infant stool composition data"
30763539,Exclude,"Human milk microbiota composition study, CHILD cohort; no infant stool composition data"
30758074,Exclude,"Immune cell (MAIT/ILC) characterization in breast milk/blood, no gut microbiome composition data"
30704596,Exclude,"Bacterial characterization study in powdered infant formula processing environment, no infant cohort"
30704429,Exclude,"OTIS complementary-feeding RCT study protocol, no results reported yet"
30683741,Exclude,"In vitro chemostat bacterial culture study (B. bifidum/B. breve interaction), no infant cohort"
30671375,Exclude,"All infants formula-fed (3 formula arms, no breastfed comparison); outcome via qPCR targeted quantification, not sequencing composition"
30643289,Exclude,"Disease population comparison (healthy vs cow's milk allergic infants) with germ-free mouse colonization mechanism study, not a feeding-mode comparison"
30637938,Exclude,Narrative/conceptual discussion of keystone minority species in gut microbiota
30637338,Exclude,"All infants breastfed (Chinese cohort); no breastfed-vs-formula comparison, exposure is maternal milk glycan/secretor status"
30609941,Exclude,"Fecal sampling at school age (6-9 years), exceeds 0-12 month window"
33337019,Exclude,Narrative review of HMO/glycoconjugate influence on gut barrier development
30584388,Exclude,"RT-qPCR targeted bacterial detection (not sequencing composition); comparison is maternal mastitis/milk infection status, not feeding mode"
30574804,Exclude,"Human milk Bifidobacterium quantified by qPCR (targeted, not sequencing composition), not infant stool data"
30574802,Exclude,"Primary exposure is probiotic supplementation in an RCT, not a breastfed-vs-formula comparison"
30559407,Exclude,"Country-level comparison (Finland/Estonia/Russia) and strain-level genomic analysis, not a feeding-mode comparison"
30555436,Exclude,Animal model (pigs)
30541439,Exclude,Strain-tracking study of B. longum colonization extending to 6 years of age; not a feeding-mode group comparison
30523603,Exclude,"Bacterial strain (L. plantarum F-10) wound-infection bio-control characterization study, no infant cohort comparison"
30540710,Exclude,"Milk microbiota by maternal secretor status via qPCR/16S pyrosequencing, no infant stool composition data"
30513877,Exclude,"In vitro bacterial adherence assay (HT-29 cells), no infant cohort"
30499575,Exclude,"In vitro fetal intestinal epithelial cell line transcriptomic study, no infant cohort, no microbiome composition data"
30479342,Exclude,"Primary comparison is rotavirus infection/symptom status, not a breastfed-vs-formula feeding-mode comparison"
30451146,Include,Healthy 1-year-old Australian children; stool 16S rRNA sequencing directly compared by breastfeeding status including breastfed+formula+solid vs breastfed+solid groups
30420587,Exclude,"Human milk metabolome (NMR) cross-country comparison, no infant gut microbiome composition data"
30418545,Exclude,Outcome is milk metabolome/cytokines/antibodies comparing IBD vs healthy mothers; no infant gut microbiome composition data reported
30418043,Exclude,"Disease-status comparison (iron deficiency anemia vs healthy controls), not feeding mode; age range extends beyond 12 months"
30405571,Exclude,"Moderately preterm infants (32-34 weeks gestation), excluded preterm population"
30395655,Exclude,"Infant oral microbiome (not gut) and breast milk; comparison is HPV status, not feeding mode"
30374198,Include,"Longitudinal shotgun metagenomic study (60 infants, 0-8 months) directly comparing breastfeeding, formula (including soy formula), and maternal gestational weight gain effects on gut microbiome signatures and function"
30356187,Exclude,"TEDDY cohort followed from 3-46 months, substantially exceeding the 0-12 month age window for the overall analysis"
30356183,Exclude,"Primary comparison is islet autoimmunity/type 1 diabetes status, not feeding mode; cohort sampling extends well beyond 12 months"
30353125,Exclude,All infants breastfed (no breastfed-vs-formula comparison); primary exposure is birth location (home vs hospital)
30350565,Exclude,"In vitro antimicrobial/antibiofilm assay of HMO fucosylation against Group B Streptococcus, no infant cohort"
30342317,Exclude,"Disease-status comparison (neonatal cholestasis/breast milk jaundice vs healthy controls), not feeding mode"
30338827,Exclude,"Human milk antibiotic residue chemistry study, no infant gut microbiome data"
30338216,Exclude,All infants breastfed (EVC001-colonized vs control breastfed infants); no breastfed-vs-formula comparison
30333965,Exclude,"Examines HMOs in maternal urine/amniotic fluid/milk, no infant gut microbiome data"
30326954,Include,RCT of probiotic supplementation in antibiotic-treated/cesarean-born infants explicitly reporting that the probiotic's effect on microbiota composition differed between breastfed and formula-fed infants
30314304,Exclude,"Disease population (non-IgE cow's milk protein allergy); comparison is hydrolysate formula type/disease status, not breastfed-vs-formula"
30301343,Exclude,"All breastfed infants (no breastfed-vs-formula comparison); PCR-DGGE targeted diversity method, not full sequencing composition"
30298248,Exclude,"Methods/strategies book chapter on breastmilk microbiome research, not primary research"
30267029,Exclude,"Disease population (Crohn's disease children); outcome is disease phenotype/complications, no microbiome composition data"
30250208,Include,Metagenomic sequencing study reporting that termination of breastfeeding was associated with higher abundance of specific antibiotic resistance genes in infant gut microbiome
30247646,Exclude,"Milk HMO concentration study (CHILD cohort), no infant gut microbiome composition data"
30233500,Exclude,Mouse model of maternal dietary genistein
30228375,Exclude,"In vitro fecal culture supplementation study of HMO cross-feeding, no infant cohort comparison"
30214024,Exclude,No breastfed-vs-formula comparison; exposure is maternal secretor status and birth mode
30177353,Exclude,"Primary comparison is colic vs non-colic infants; feeding mode treated as a confounder being controlled for, not the primary analyzed comparison"
30173873,Include,VDAART ancillary study with explicit primary objective of comparing breastfeeding vs formula feeding effects on infant intestinal microbiome via stool sequencing at 3-6 months
30166140,Exclude,"Bacterial (Cronobacter) identification methods study for powdered infant formula testing, no infant cohort"
30135504,Exclude,Primary exposure is arsenic exposure; feeding type used only as an adjustment/stratification variable
30076401,Exclude,"Preterm population (hospitalized preterm neonates); outcome is targeted CoNS pathogen colonization, not full microbiome composition"
30076313,Exclude,Animal model (adult minipigs)
30052968,Exclude,"In vitro continuous culture simulation and mathematical modeling study, no infant cohort"
30041623,Exclude,"NuPED cohort study protocol (South Africa), no results reported yet"
30017916,Exclude,"Biosensor engineering study for HMO detection in E. coli, no infant cohort"
30006390,Exclude,"Primary exposure is complementary feeding approach (baby-led vs traditional spoon-feeding), not breastfed-vs-formula comparison"
29997594,Exclude,"Preterm infants (<32 weeks gestation), excluded preterm population"
29992630,Exclude,Animal model (preterm pigs)
29982534,Exclude,"Children aged 3-6 years, exceeds 0-12 month window"
29982218,Exclude,"ELICIT trial protocol (Tanzania), no results reported yet"
29977866,Include,Chilean infant cohort directly comparing bovine formula vs breast milk via 16S pyrosequencing of stool at 1 and 3 months
29973274,Exclude,"Primary exposure is maternal diet during pregnancy (stratified by delivery mode), not feeding mode comparison"
29940563,Exclude,"Outcome is infantile colic diagnosis; no microbiome composition data, primary exposure is intrapartum antibiotic administration"
29934330,Exclude,"Bacterial genetic engineering (transposon mutagenesis) tool development study, no infant cohort"
29933382,Exclude,"Disease population (cystic fibrosis); comparison is disease/antibiotic status via targeted FISH method, not feeding mode"
29910789,Exclude,"Outcome is virome (viral) composition, not bacterial composition (out of PECO scope)"
29900399,Exclude,Mouse model (NASH FXR knockout mice)
29900174,Exclude,"In vitro bacterial strain (B. infantis) metabolism/physiology characterization study, no infant cohort"
29899505,Exclude,"Oral (saliva) microbiome, not gut/stool; age range extends to 7 years"
29884786,Exclude,No explicit breastfed-vs-formula comparison; describes general developmental trajectory of gut microbiota in the first year
29884754,Exclude,"Bioinformatics/comparative genomics study of bifidobacterial secretome (300+ strains), no infant cohort comparison"
33817085,Exclude,"Disease-status comparison (breast milk jaundice vs no jaundice), both groups breastfed; not a feeding-mode comparison"
29868719,Include,CHILD cohort (n=1087) directly comparing exclusively breastfed vs exclusively formula-fed and supplementation patterns via 16S rRNA sequencing at 3-4 and 12 months
29867853,Exclude,"Animal model (sow milk microbiome), not human infant"
29844409,Exclude,"Primary exposure is maternal/infant probiotic supplementation, not feeding mode comparison"
29803234,Exclude,"NICU population; outcome is targeted CRE pathogen colonization via culture, not full microbiome composition"
29797797,Exclude,Outcome is infant overweight status (CHILD cohort); no microbiome composition data reported
29729917,Exclude,"Environmental (factory air) microbiome study in powdered infant formula plant, no infant cohort"
29724615,Exclude,"Bacterial detection method validation study (Cronobacter ISO standard), no infant cohort"
29724017,Exclude,Examines maternal gut/breast milk/vaginal microbiota sharing; no infant stool composition data by feeding mode
29703739,Exclude,"qPCR methods evaluation study for B. longum subspecies differentiation, not a feeding-mode comparison"
29700885,Exclude,Human milk microbiome study (not infant stool); examines social network/subsistence type effects
29688458,Exclude,Primary focus is preterm vs term microbiome differences; breastfeeding tested and found not a significant mediator
29684056,Exclude,"Comparative genomics study of Bifidobacterium strains across body sites, no infant cohort composition comparison by feeding mode"
29679047,Exclude,"Preterm/VLBW population; outcome is clinical NEC incidence, not microbiome composition"
29678922,Exclude,"Enzyme biochemistry/biosynthesis study (sialidase), no infant cohort"
29672211,Exclude,Targeted pathogen prevalence assessment (not sequencing-based composition); population is infants at familial celiac disease risk
29669265,Exclude,"In vitro biochemistry study using camel milk bacterial isolates, no infant cohort"
29659737,Include,South African birth cohort directly comparing exclusively breastfed vs infants receiving non-breast-milk feeds via 16S rRNA stool sequencing
29657964,Exclude,"Narrative/opinion piece on engineering human microbiomes, not primary research"
29635158,Exclude,No breastfed-vs-formula comparison; exposure is triclosan level in breast milk
29624426,Exclude,"Conference proceedings piece (no content), not primary research"
29624425,Exclude,Conference proceedings piece (no content); narrative review topic
29567959,Include,South African birth cohort analyzing feeding practices (alongside HIV status and delivery mode) as factors affecting faecal bacterial profiles via 16S rRNA sequencing
29564397,Exclude,"Narrative synthesis/meta-analysis of historical fecal pH trends across 14 studies, not primary composition sequencing data"
29550235,Include,RCT comparing early limited formula supplementation vs exclusive breastfeeding; intestinal microbiota assessed through 1 month in term newborns
29546315,Exclude,"Very low birth weight infants, excluded preterm population"
29538368,Exclude,All infants formula-fed (probiotic vs control formula); no breastfed-vs-formula comparison
29517013,Exclude,"Conference proceedings piece (no content), narrative topic"
29500268,Exclude,"In vitro bacterial strain (B. breve) transcriptional regulation study, no infant cohort"
29494489,Include,"RCT comparing prebiotic formula, standard formula, and exclusive breastfeeding; gut microbiota colonization patterns tracked by group"
29488411,Exclude,"Bifidobacterial strain-sharing/genotyping study between mother-infant pairs, not a feeding-mode comparison"
29460213,Exclude,"Bacterial strain characterization/in vitro probiotic screening study, no infant cohort comparison"
29458558,Exclude,"All exclusively breastfed neonates, no breastfed-vs-formula comparison; targeted resistance gene detection, not sequencing-based composition"
29439395,Exclude,"All exclusively breastfed infants, no breastfed-vs-formula comparison; qPCR/NMR method, not full sequencing composition, and no composition differences found"
29410448,Exclude,"Preterm very low birth weight infants, excluded preterm population"
29394356,Exclude,"Very preterm/low birthweight infants; outcome is targeted Cronobacter pathogen carriage, not full microbiome composition"
29393509,Exclude,"In vitro immune cell (macrophage) study, no microbiome composition data"
29385801,Exclude,"Analytical chemistry method development for milk oligosaccharide profiling across species, no infant cohort"
29359195,Exclude,"Premature infant gut resistome study, excluded preterm population"
29349441,Exclude,"All infants breastfeeding, no breastfed-vs-formula comparison; exposure is milk fatty acid composition"
29346344,Exclude,Mouse model mechanism study of mammary gland immune/microbial regulation
29339259,Include,"Infant cohort (n=129, 6 months old) with gut microbiome composition directly compared by feeding type (breastfed vs mixed-fed) via pyrosequencing and whole-metagenome sequencing"
30968632,Exclude,"All breastfed infants (probiotic vs placebo); no microbiome composition data, outcome is bilirubin/defecation frequency"
29248229,Exclude,"Human milk microbiome study (maternal probiotic supplementation effect), no infant stool composition data"
29244620,Exclude,"Narrative psychology/theory paper on oxytocin and mother-infant bonding, no microbiome data"
29242832,Exclude,All infants breastfed (EVC001 probiotic vs no probiotic); no breastfed-vs-formula comparison
29228972,Exclude,"Preterm infant population (postmenstrual age 24-46 weeks), excluded preterm population"
29221760,Exclude,"Enzyme biochemistry study (fucosidase transglycosylation for HMO production), no infant cohort"
29167295,Exclude,Primary exposure is maternal asthma during pregnancy; breastfeeding status used only as a tested covariate
29155807,Exclude,Primary population is non-IgE cow's milk allergy (disease) infants; healthy breastfed group serves only as a reference comparator
29142203,Exclude,"Outcome is psychological well-being (behavior, self-esteem, depression); no microbiome data"
29121673,Exclude,"qPCR targeted quantification of selected bacterial taxa (not full sequencing composition); primary exposure is vitamin D, not feeding mode"
29109718,Exclude,Outcome is GBS colonization via colostrum immune factors; no gut microbiome composition data
29056933,Exclude,Narrative review on environment and gut microbial ecosystem
31851737,Exclude,"Surgical/NICU population (neonates with GI surgery); outcome is hospital stay/feeding tolerance, not a breastfed-vs-formula composition comparison"
29032226,Exclude,"Outcome is fecal secretory IgA (CHILD cohort), not microbiome composition"
29026146,Exclude,"Fungal (mycobiome) profiling of human breastmilk, not infant stool bacterial composition"
29022384,Include,GUSTO birth cohort explicitly analyzing feeding mode as a factor shaping infant gut microbiota composition via 16S rRNA sequencing
29018787,Include,CHILD cohort directly comparing breastfeeding status (combined with birth mode/antibiotic exposure) and resulting changes in gut microbial composition via 16S sequencing
28976925,Exclude,"In vitro bacterial consortium culture study, no infant cohort"
28969890,Exclude,All breastfed infants with colic (probiotic vs placebo); no breastfed-vs-formula comparison
28945208,Exclude,"Premature infants (23-32 weeks gestation), excluded preterm population"
28945202,Exclude,"Germfree mouse model mechanism study, not an infant cohort comparison"
28912815,Exclude,"Single-subject (n=1) methods feasibility study, not a feeding-mode group comparison"
28903469,Exclude,"Disease-outcome comparison (food allergy vs no allergy), not feeding mode comparison"
28894126,Exclude,"qPCR targeted quantification of selected taxa, not full sequencing-based composition profiling"
28891751,Exclude,"Primary comparison is rotavirus vaccine response status; breastfeeding used as a matching variable, not primary comparison"
28886400,Exclude,"PCR-DGGE fingerprinting method, not sequencing-based composition profiling (fails the sequencing gate)"
28877893,Include,"RCT comparing bifidobacteria-supplemented formula, placebo formula, and breastfed controls; significant composition differences detected between breast milk and formula fed infants via 16S sequencing"
28871782,Exclude,Animal model (preterm pigs)
28866384,Include,"RCT comparing partially hydrolyzed prebiotic-supplemented formula, standard cow's milk formula, and breastfed infants; fecal microbiota by 16S rRNA sequencing in first 26 weeks"
28859498,Exclude,"In vitro bacterial adherence assay using cell lines, no infant cohort"
28855672,Exclude,"qPCR targeted quantification of specific Bifidobacterium species, not full sequencing composition; age range extends to 3 years"
28855595,Exclude,No breastfed-vs-formula comparison; examines maternal-infant microbiota transfer/similarity
28854667,Exclude,"In vitro continuous fermentation model (PolyFermS), no infant cohort"
28837002,Exclude,"Fungal (mycobiome) outcome, not bacterial composition; age range extends to 2 years"
28827640,Include,Direct comparison of breastfed (n=4) vs formula-fed (n=4) infants' fecal microbiota via 16S rRNA sequencing and qPCR across 17 time points in first 12 weeks
28827481,Exclude,"All breastfed infants, no breastfed-vs-formula comparison; exposure is breast milk cytokine (TGFbeta) concentration"
28824595,Exclude,Preterm infant population; in vitro donor milk restoration/microbiology methods study
28798374,Exclude,"Human milk microbiome study; comparison is maternal mastitis status, not infant feeding mode"
28785253,Exclude,"Homogeneous cohort of vaginally-born breastfed infants only, no breastfed-vs-formula comparison; qPCR targeted method; age extends to 3 years"
28780103,Exclude,"In vitro bacterial strain HMO-fermentation screening study, no infant cohort"
28768852,Exclude,"Single case report of a preterm infant, no microbiome composition data"
28767339,Exclude,"Primary comparison is infectious diarrhea vs control status; breastfeeding is one of several associated factors, not the primary comparison"
28753958,Exclude,"Primary exposure is iron micronutrient-powder fortification; all infants predominantly breastfed, no feeding-mode comparison"
28753043,Exclude,"In vitro probiotic storage-stability study in human milk, no infant cohort"
28724659,Exclude,"Human milk microbiome study, no infant stool composition data"
28721502,Exclude,"In vitro bacterial co-culture cross-feeding study, no infant cohort"
28713365,Exclude,"Human milk immune factor profiling study, no microbiome composition data"
28713343,Exclude,No breastfed-vs-formula comparison; examines bacterial sharing across milk/oral/gut ecosystems in a homogeneous breastfed cohort
28708453,Exclude,"Bacterial strain (Enterococcus) virulence/resistance characterization study in breastfed infants, no feeding-mode comparison or composition data"
28695121,Exclude,"DGGE/qPCR targeted method, not full sequencing composition; reported results focus on delivery mode, not feeding-mode comparison"
28683833,Exclude,"Skin-to-skin contact RCT study protocol, no results reported yet"
28665928,Exclude,Targeted bacterial strain typing (not sequencing-based composition); includes preterm population; not a feeding-mode comparison
28665684,Exclude,"Respiratory (nasopharyngeal) microbiome, not gut/stool composition"
28659406,Exclude,Animal model (neonatal pigs)
28659297,Exclude,"Very-preterm infants (<32 weeks gestation), excluded preterm population"
28651630,Exclude,"Bifidobacterial strain/phage vertical-transmission tracking study, no breastfed-vs-formula comparison"
28644357,Exclude,"Primary comparison is formula type (control/synbiotic/prebiotic) by delivery mode, not an explicit breastfed-vs-formula comparison"
28620481,Exclude,"Healthy adult subjects, not infants"
28611760,Exclude,"Human milk microbiome study (geographic/delivery mode comparison), no infant stool composition data"
28609134,Exclude,"Human milk composition study (bacteria/cells/oligosaccharides/macronutrients), no infant stool data"
28566122,Exclude,"Preterm infant NEC prevention studies (dissertation summary), excluded preterm population"
28558732,Exclude,All infants breastfed (B. infantis EVC001 vs lactation support alone); no breastfed-vs-formula comparison
28538696,Exclude,No gut microbiome composition data; outcome is immune/allergy clinical outcomes via milk immune factor levels
28504574,Exclude,"qPCR/RT-qPCR targeted quantification of specific taxa, not sequencing-based composition profiling"
28492938,Include,Prospective cohort directly analyzing amount/duration of breastfeeding as exposure affecting infant gut microbiome composition via 16S rRNA sequencing
28492472,Exclude,"Bacterial strain typing surveillance study for Cronobacter across food samples, no infant cohort"
28460966,Exclude,"In vitro bacterial adhesion/hydrolysate characterization assay using Caco-2 cells, not an infant cohort composition comparison"
28459051,Exclude,"Preterm infant population, excluded"
28443284,Exclude,No sequencing-based microbiome composition data; study is purely fecal SCFA/metabolite measurement by breastfeeding status
28422059,Exclude,"Narrative review of probiotic food products, not primary infant cohort research"
28416607,Exclude,"In vitro antimicrobial mechanism study (HMOs vs Group B Streptococcus), no infant cohort"
28392148,Exclude,"Bacterial enzyme/structural characterization study, no infant cohort comparison"
28383398,Exclude,"RCT study protocol with no results yet; all infants exclusively formula-fed, no breastfed comparison"
28381231,Exclude,Primary exposure is household pet exposure (CHILD cohort); breastfeeding exclusivity used only as an adjustment covariate
32625453,Exclude,"EFSA food additive safety re-evaluation report, not an infant cohort microbiome study"
28356137,Include,Canadian birth cohort (n=355) analyzing ethnicity and breastfeeding status as independent factors influencing infant gut microbiome composition at 1 year
28349941,Exclude,Animal model (rat pup-in-a-cup model)
28346933,Exclude,"Conference proceedings piece (no content), narrative summary"
28321211,Exclude,Perspective/narrative review paper on complementary feeding and gut microbes
28316118,Exclude,Preterm population comparison (late preterm vs full-term infants) as the primary study design
28301837,Exclude,Human milk polyamine-microbiota study; no infant stool composition data
28298536,Exclude,Animal model (preterm pigs)
28252579,Exclude,"Narrative/commentary on nursing profession role in genome sequencing, not primary research"
28252577,Exclude,"Methods review paper on microbiome specimen collection/storage, not primary research"
28252573,Exclude,"Hospitalized preterm infant population, excluded"
28221877,Exclude,"Bacterial detection method development study (Cronobacter real-time PCR), no infant cohort"
30229153,Exclude,"Preterm infant NICU quality improvement initiative; outcome is NEC incidence, not microbiome composition"
28214389,Exclude,"Synthetic chemistry paper (oligosaccharide synthesis), no infant cohort"
28196533,Exclude,"Primary exposure is type of first complementary food; all infants exclusively breastfed prior, no breastfed-vs-formula comparison"
28194144,Exclude,"Primarily in vitro bacterial co-culture mechanism study, not a feeding-mode cohort comparison"
28182762,Exclude,No infant gut microbiome composition data; outcome is milk HMO concentration and infant growth
28150690,Exclude,"All infants breastfed, no breastfed-vs-formula comparison; comparison is country/secretor status"
28144631,Exclude,"Strain-level vertical transmission tracking study, not a feeding-mode group comparison"
28099499,Exclude,Oral microbiome (not gut/stool composition)
28096702,Exclude,All infants exclusively formula-fed (Test vs Control formula by delivery mode); no breastfed-vs-formula comparison
28095889,Exclude,"All infants breastfed, no breastfed-vs-formula/mixed comparison; also includes preterm infants as a primary comparison group"
28094284,Exclude,"All breastfed infants (10 pairs), no breastfed-vs-formula comparison"
28091546,Exclude,"In vitro bacterial mechanism study (B. thetaiotaomicron GOS utilization), no infant cohort"
28083526,Exclude,"Standard culture-based bacterial identification method, not sequencing-based composition profiling"
28079170,Exclude,"All infants breastfed (Gambian cohort), no breastfed-vs-formula comparison; exposure is maternal HMO composition"
28034306,Exclude,"Preterm infants (<32 weeks gestation), excluded preterm population"
28002391,Include,"RCT with Test/Control formula groups and a reference breastfeeding group; gut microbiota pattern, fecal IgA, and stool pH compared to breastfed infants in full-term infants"
27994110,Exclude,"Outcome is fecal inflammation/permeability biomarkers (ELISA), not sequencing-based microbiome composition"
27983720,Exclude,"Human milk microbiota network study (Italy vs Burundi), no infant stool composition data"
27921083,Exclude,Animal model (infant rhesus monkeys)
27889684,Exclude,Animal model (preterm pigs) and in vitro intestinal epithelial cell study
27832763,Exclude,"Cohort study protocol, no results reported yet; primary exposure is intrapartum antibiotics, not feeding mode"
27484237,Exclude,"Outcome is otitis media (middle ear microbiome), not gut microbiome composition; breastfeeding not significantly associated"
27590817,Exclude,"Bacterial strain genomic/enzyme characterization study (B. breve glycosulfatase), no infant cohort"
27782805,Exclude,"In vitro bacterial strain metabolism characterization study, no infant cohort comparison"
27719686,Exclude,"Healthy adult subjects, not infants"
27763733,Exclude,"All formula-fed infants (colic vs no colic); FISH targeted method, not sequencing-based composition"
27756904,Exclude,"Bacterial strain genomic characterization study (B. longum HMO gene cluster), no infant cohort"
27754716,Exclude,"Milk storage/bacterial growth methods study, no infant cohort composition comparison"
27746239,Include,VDAART ancillary study (n=333) reporting breastfeeding status as an independent factor affecting gut microbiome composition via 16S rRNA sequencing at 3-6 months
27743363,Exclude,"Analytical chemistry methods paper for milk oligosaccharide analysis, no infant cohort"
27741166,Exclude,No microbiome composition data; outcome is crying time and stool evacuation counts only
27721500,Exclude,"Bacterial detection method development study (Cronobacter immunoassay), no infant cohort"
27714445,Exclude,"Enzyme biochemistry/in vitro bacterial fermentation study, no infant cohort"
27671759,Exclude,"Practice guidance paper on food allergy management, not primary research"
27644050,Exclude,"Stool sampled at 2-3 years of age, exceeds 0-12 month window"
27613801,Exclude,"Outcome is fecal oligosaccharide/metabolite profiling via mass spectrometry, not sequencing-based microbiome composition"
27609061,Exclude,Animal model (neonatal mice)
27560963,Exclude,No microbiome composition data; outcome is type 1 diabetes diagnosis via registry data
27558272,Include,Detroit birth cohort (n=298) reporting breastfeeding as an independent factor affecting gut microbiome composition via 16S rRNA sequencing in neonates and infants
27531072,Exclude,"Primary comparison is allergy/asthma development vs healthy children; breastfeeding mentioned only contextually, not a feeding-mode comparison"
27529821,Exclude,"Human milk microbiota study (Chinese mothers), no infant stool composition data"
27524178,Exclude,"Comparative genomics/phylogenomics study of Bifidobacterium species, no infant cohort"
27503374,Exclude,"Primary exposure is maternal high-fat diet during pregnancy, not feeding mode"
27500310,Exclude,"Bacterial contamination profiling of infant formula products (food safety), no infant cohort"
27472478,Exclude,"Formula-vs-formula comparison (4 formula groups), no breastfed comparison group"
27465460,Exclude,"Narrative trends article for perinatal nursing, not primary research"
27464748,Exclude,"Primary exposure is maternal HIV status, not feeding mode comparison"
27461205,Exclude,"News item (no content), not primary research"
27449926,Exclude,"RCT study protocol with no results yet; all infants breastfed, no breastfed-vs-formula comparison"
27435585,Exclude,"All breastfed infants, no breastfed-vs-formula comparison; focus is fecal oligosaccharide/glycan profiling"
27410689,Exclude,Conference abstract compilation (HIV prevention research) with no substantive data content for relevant microbiome topics
27401027,Exclude,"Bacterial identification methods comparison study (Cronobacter phenotyping), no infant cohort"
27386954,Exclude,"Human milk microbiome study; disease comparison (Hodgkin's lymphoma/chemotherapy), not infant stool/feeding mode"
27383979,Exclude,"Narrative/perspective commentary paper, not primary research"
27362264,Exclude,"qPCR/RT-qPCR targeted panel of 33 taxa, not full sequencing-based composition profiling"
27354505,Exclude,"Narrative review/Delphi consensus paper on hygiene hypothesis, not primary research"
27340092,Exclude,No breastfed-vs-formula comparison; exposure is bifidobacterial fucosyllactose-utilization genotype in an all-breastfed cohort
27332552,Include,Direct comparison of exclusively breastfed vs mixed-fed infants' fecal microbiota composition via 16S rRNA sequencing and qPCR following intrapartum antibiotic prophylaxis
27314851,Exclude,"Plant biotechnology (transgenic soybean EGF production) study, no infant cohort"
27306664,Include,Longitudinal cohort (n=43) directly analyzing formula feeding (alongside antibiotics and birth mode) effects on infant gut microbiome maturation via sequencing
27303699,Include,Two-cohort study (n=227) directly analyzing breastfeeding duration as a major determinant of infant gut microbiota composition via 16S rRNA sequencing
27294842,Exclude,"Fecal microbiota sampled in children aged 2-6 years, exceeds 0-12 month window"
27285570,Exclude,"Milk polyphenol (epicatechin) metabolite analysis, no infant gut microbiome composition data"
27282191,Exclude,"Analytical chemistry methods study (SCFA fingerprinting across milk/formula/dairy), no infant cohort"
27255079,Exclude,"RCT study protocol with no results yet; primary exposure is maternal probiotic supplementation, not feeding mode"
27242688,Exclude,"Comparative genomics/phylogenetics method study of Bifidobacterium, no infant cohort"
27199952,Exclude,"Bacterial strain genome/transcriptome characterization study, no infant cohort comparison"
27188778,Exclude,"In vitro bacterial strain antibacterial-activity characterization study, no infant cohort comparison"
27188076,Exclude,"Study rationale/protocol description for a pilot study, no results reported yet"
27155844,Exclude,"Bacterial strain genetic characterization study (Cronobacter environmental surveillance), no infant cohort"
27148183,Exclude,"Human milk microbiota study, no infant stool composition data"
27140533,Exclude,All infants exclusively breastfed (obese vs normal-weight mothers); no breastfed-vs-formula comparison
27133167,Exclude,"Country comparison (Finland/Estonia/Russia) with mouse model mechanism component, not a feeding-mode comparison"
27122131,Exclude,No microbiome composition data; outcome is gastroenteritis hospitalization via registry/record-linkage data
27120106,Exclude,"All infants formula-fed (GOS-supplemented vs control formula), no breastfed comparison arm in study design"
27116956,Exclude,"Bacterial strain typing study (Cronobacter in vegetables), no infant cohort"
27114075,Exclude,Primary outcome is islet autoantibody development; breastfeeding characterizes one microbial community but is not a directly quantified feeding-mode composition comparison
27084109,Exclude,"Animal model (rhesus monkeys); pharmacokinetic study, not composition data"
27084007,Exclude,"In vitro bacterial growth-substrate characterization study, no infant cohort"
27074514,Exclude,"News/commentary article summarizing other (mouse) studies, not primary research"
27064174,Exclude,No sequencing-based composition data; study is purely qPCR-based antibiotic resistance gene (resistome) detection
27035371,Exclude,"Formula-vs-formula comparison (probiotic vs control) by delivery mode, no breastfed comparison group"
27035119,Exclude,"Comparative genomics/pan-genome study of B. adolescentis strains, no infant cohort"
27005303,Exclude,Animal model (neonatal piglets)
27001291,Exclude,No breastfed-vs-formula comparison; focus is prenatal/placental microbial transfer mechanism (all elective C-section)
26997881,Include,Pilot RCT with low-dose/regular-dose probiotic formula groups and a breastfed reference group in C-section delivered infants; gut maturation and microbiota establishment assessed through 12 months
26985433,Exclude,"Very premature infants (birth weight <=1500g), excluded preterm population"
26962387,Exclude,"Clinical guideline/evidence synthesis document, not primary research"
26907090,Exclude,"No infant gut microbiome composition data; outcome is allergic disease at 2/5 years, exceeding window"
26898329,Exclude,"Gnotobiotic mouse/piglet model mechanism study, not a human infant cohort comparison"
26877759,Exclude,"Commentary/opinion piece on mastitis diagnostics, not primary research"
26865944,Exclude,"Bacterial strain antimicrobial-activity characterization study, no infant cohort comparison"
26849092,Exclude,"Bacterial strain isolation/in vitro probiotic characterization study, no infant cohort comparison"
26819854,Exclude,"Methods validation study (freeze-drying effect on sample analysis), not a feeding-mode comparison"
26817236,Exclude,"Bacterial strain isolation/in vitro probiotic characterization study, no infant cohort comparison"
26787171,Exclude,"Disease-outcome comparison (NEC vs controls) in high-risk/likely preterm neonates, not a feeding-mode comparison"
26776722,Exclude,"Theoretical/hypothesis paper on atopic disease and gut dysbiosis, not primary research"
26756784,Exclude,"Oral (saliva) microbiome and milk microbiome in 5-year-old children, exceeds window; not a feeding-mode comparison"
26752321,Include,"Prospective cohort (n=102) directly comparing exclusively breastfed, combination-fed, and exclusively formula-fed infants' intestinal microbiome via 16S rRNA sequencing at 6 weeks"
26739322,Exclude,"Human milk microbiota study (birthing method/gestation/gender), no infant stool composition data"
26727418,Exclude,"Bacterial strain isolation/characterization study from milk and infant stool, no infant cohort composition comparison"
26718667,Exclude,"Formula-vs-formula comparison (enriched vs standard), no breastfed comparison group"
26715853,Exclude,"Commentary/narrative discussion paper on mixed-feeding practices, not primary research"
26711314,Exclude,"Human milk microbiota/glycosylation study by delivery mode, no infant stool composition data"
26702137,Exclude,"Murine model of intestinal adaptation after resection, not a human infant cohort comparison"
26690933,Exclude,"Outcome is fecal IgA concentration (CHILD cohort), not microbiome composition"
26626365,Include,"RCT with BMOS+B. lactis synbiotic formula, control formula, and breastfed reference group; fecal microbiota diversity compared across groups"
26587250,Exclude,"Animal model (giant panda), not a relevant species for this review"
26555161,Exclude,"Bacterial contamination characterization study in milk powder, no infant cohort"
26552054,Exclude,"Primary exposure is probiotic supplementation (TEDDY study); outcome is islet autoimmunity, breastfeeding only an adjustment covariate"
26551367,Exclude,"Oral microbiome (saliva) via culture-based method, not gut/stool composition"
26546429,Exclude,"Bacterial enzyme characterization study (L. casei glucosaminidase), no infant cohort"
26529006,Exclude,"Formula-vs-formula comparison (fructan-enriched vs standard), no breastfed comparison group"
26503736,Exclude,"In vitro bacterial growth/lysozyme tolerance assay in breast milk, no infant cohort comparison"
26476945,Exclude,"Bacterial contamination profiling study of dairy/formula products, no infant cohort"
26458907,Exclude,"Extremely premature infants, excluded preterm population; study protocol with no results yet reported"
26447441,Exclude,"Patient education handout on infantile colic, not primary research"
26412384,Include,CHILD cohort (n=198) directly analyzing breastfeeding as an effect modifier of intrapartum-antibiotic-associated gut microbiota dysbiosis via 16S rRNA sequencing at 3 and 12 months
26370110,Exclude,"Nasal (respiratory) microbiome, not gut/stool composition"
26352805,Exclude,"Human milk microbiome study (maternal breast pain/mastitis treatment), no infant stool composition data"
26350452,Exclude,"Disease-status comparison (diarrhea vs recovery) in children with mean age 21.9 months, exceeding window; breastfeeding not analyzed as a comparison factor"
26337101,Exclude,"In vitro bacterial strain transcriptomic characterization study, no infant cohort comparison"
26332837,Exclude,"Primary comparison is delivery mode (CS-skewed design); method is phylogenetic microarray (HITChip), not sequencing-based composition profiling"
26322546,Exclude,"qPCR targeted quantification of Bifidobacterium, not full sequencing composition; no breastfed-vs-formula comparison (all breastfed, exposure is maternal/delivery mode)"
26322410,Exclude,"Premature infants, excluded preterm population"
26322289,Exclude,"Human milk microbiome study (culture-based colony counts), no infant stool composition data"
26286040,Exclude,"Human milk microbiota composition study (mode of delivery), no infant stool composition data"
26264640,Exclude,No microbiome composition data; outcome is inflammatory bowel disease diagnosis via registry database
26259710,Exclude,"Commentary article on gluten introduction/breastfeeding/celiac disease, not primary research"
26242599,Exclude,"Immune antibody (HIV-1 gp120 mAb) characterization study, no gut microbiome composition data"
26237371,Exclude,"qPCR targeted quantification of 3 taxa (Lactobacillus/Bifidobacterium/B. fragilis), not full sequencing-based composition profiling"
26231653,Exclude,"Small strain-level vertical transmission tracking study (4 sample sets), not a feeding-mode comparison"
26230902,Exclude,"qPCR targeted quantification of lactobacilli/S. aureus, not full sequencing-based composition profiling"
26220763,Exclude,"Preterm infants (mean GA 29.1 weeks), excluded preterm population"
26218283,Exclude,"FISH targeted method, not full sequencing composition; all breastfed, no breastfed-vs-formula comparison"
26180242,Exclude,"In vitro intestinal epithelial cell line invasion assay (Candida albicans), no infant cohort"
26167280,Exclude,Animal model (pigs)
26151493,Exclude,"qPCR targeted gut microbiota method; primary comparison is probiotic vs placebo, not feeding mode"
26132213,Exclude,"Preterm neonates (GA 27.7 weeks); DGGE targeted method, not full sequencing composition"
26120470,Exclude,"Methods validation study (sample processing/PCR primer choice) using 2 infants, not a feeding-mode cohort comparison"
26118693,Exclude,Animal model (rats)
26113704,Exclude,"No abstract content; likely news/commentary piece, not primary research"
26086569,Exclude,"Preterm infants (NICU), excluded preterm population"
26060535,Include,Direct comparison of breast-fed vs formula-fed Korean infants' gut microbiota via pyrosequencing at 4 weeks of age
26049782,Exclude,"qPCR/PCR-DGGE targeted method (Lactobacillus group only); country comparison (Malawi vs Finland), not feeding-mode comparison"
26044992,Exclude,"Mother-child microbiota transmission pattern study (ITS deep sequencing), not a feeding-mode comparison"
26037603,Exclude,"Conference proceedings/narrative review on obesity programming, not primary research"
26031686,Exclude,"Narrative/perspective paper on intestinal microbiota in developing countries, not primary research"
25979893,Exclude,"Primary exposure is maternal probiotic yogurt supplementation, not feeding mode comparison"
25974306,Include,Landmark metagenomic cohort study (Backhed et al. 2015) directly analyzing breastfeeding cessation as required for maturation to adult-like gut microbiome in the first year of life
25922665,Exclude,All infants breastfed (secretor vs non-secretor mothers); no breastfed-vs-formula comparison
25922115,Exclude,"Preterm/premature neonates; culture-based aerobic colonization method, not full sequencing composition"
25919457,Exclude,"Colostrum microbiome study via DGGE/qPCR targeted method, not infant stool composition data"
25906863,Exclude,"No content (book chapter section heading), not primary research"
25906855,Exclude,"No content (book chapter section heading), not primary research"
25896967,Exclude,"Culturable bifidobacterial strain/species diversity study across 3 feeding groups, not overall community composition via broad sequencing"
25874766,Exclude,"Triplet case study examining host genetics; same feeding regime across infants, not a feeding-mode comparison"
25844709,Exclude,"Disease population (cow's milk allergy); outcome is allergy symptoms/safety, no microbiome composition data"
25818499,Exclude,"Disease population (cystic fibrosis); primary outcome is CF respiratory complications, not a feeding-mode composition comparison"
25782657,Exclude,"Primary exposure is maternal probiotic supplementation, not feeding mode comparison"
25764567,Exclude,"Bacterial strain (S. aureus) characterization/transmission study, no infant cohort composition comparison"
25759843,Exclude,"Preterm infants (VLBW/ELBW), excluded preterm population"
25742244,Exclude,"No microbiome composition data; outcome is diarrheal rate; breastfeeding is an effect modifier, not a composition comparison"
25721389,Exclude,"Position statement/policy paper on breastfeeding promotion, not primary research"
25705611,Include,Direct comparison of exclusively breastfed vs non-exclusively breastfed infants (before/after solid food introduction) via 16S rRNA sequencing and PICRUSt functional inference
25704298,Exclude,"Culture-based targeted method; primary exposure is probiotic treatment, not feeding mode"
25697549,Exclude,"Formula-vs-formula comparison (probiotic vs control), no breastfed comparison group"
25691099,Exclude,"Strain-level transmission tracking study (MLST typing) in all-breastfed dyads, not a feeding-mode comparison"
25688064,Exclude,"Bacterial enzyme/genetic regulation characterization study (B. breve sialic acid metabolism), no infant cohort"
25651890,Exclude,"Computational network reanalysis of published milk microbiome data, no infant stool composition data"
25651488,Include,Direct comparison of breast-fed (n=16) vs formula-fed (n=6) infants' fecal microbiota via pyrosequencing at 3 months postpartum
25628773,Exclude,"Clinical guideline/evidence synthesis document on probiotics, not primary research"
25599982,Exclude,"Primary comparison is food sensitization status (CHILD cohort), not feeding mode comparison"
29421532,Exclude,"Case report study (n=3) of type 1 diabetes-associated dysbiosis, not a controlled feeding-mode comparison"
25539194,Exclude,"All infants formula-fed (GOS vs PDX/GOS); outcome is breath hydrogen, not composition data; no breastfed comparison"
25475275,Exclude,"Goat milk microbiota study (genetically engineered goats), not a human infant cohort"
25469400,Exclude,"Symposium summary/narrative article on human milk microbes and cells, not primary research"
25409177,Exclude,"Children aged 18-27 months, exceeds 0-12 month window; primary exposure is maternal obesity, not feeding mode"
25362012,Exclude,"VLBW/preterm population; culture-based method, not full sequencing composition"
25358913,Exclude,"Analytical chemistry methods development paper for HMO glycomics, no infant cohort composition data"
25346434,Exclude,"Bacterial detection method development study (Listeria) for food products, no infant cohort"
25330044,Exclude,"All breastfed infants (n=10), no breastfed-vs-formula comparison; outcome is HMO metabolite profiling, not composition sequencing"
25329446,Exclude,"Respiratory (upper respiratory tract) microbiome, not gut/stool composition"
25302927,Exclude,"qPCR targeted quantification of 4 bacterial groups, not full sequencing-based composition profiling"
25300177,Exclude,"All breastfed infants (n=2), proof-of-concept study; no breastfed-vs-formula comparison"
25298276,Exclude,No microbiome composition data; outcome is childhood obesity at 7 years; breastfeeding only an adjustment covariate
25297064,Exclude,"qPCR targeted quantification of bifidobacteria only, not full sequencing-based composition profiling"
25290507,Include,ALADDIN birth cohort (128 mother-infant pairs) directly reporting breastfeeding effect on gut microbiota composition via 454-pyrosequencing from 6 days to 6 months
25280921,Exclude,"In vitro fecal enzyme/genotoxicity assay, not a sequencing-based feeding-mode composition comparison"
25163507,Exclude,"Animal model (preterm pigs), epigenetic methylation study"
25147235,Exclude,Animal model (preterm pigs) and porcine intestinal epithelial cell line study
25145088,Exclude,"News item (no content), not primary research"
25127287,Exclude,"Preterm infants (<34 weeks gestation), excluded preterm population"
25124424,Exclude,"News item (no content), not primary research"
25105147,Exclude,"Bacterial strain isolation/characterization study, no infant cohort composition comparison"
25061513,Exclude,"Case report of human milk microbiome (maternal chemotherapy), no infant stool composition data"
25012772,Exclude,No microbiome composition data; outcome measured at 9/12 years; breastfeeding only an adjustment covariate
24970346,Exclude,"Exposure is lactoferrin concentration, not feeding mode; includes preterm infants; targeted bacterial quantification not full sequencing"
24962875,Exclude,All breastfed infants with colic (synbiotic vs placebo); no microbiome composition data (outcome is crying time only)
24953294,Exclude,No microbiome composition data; outcome is antibody/IgE sensitization markers
24951305,Exclude,"PCR targeted detection of 5 bacterial species, not full sequencing; primary comparison is SIDS vs healthy controls, not feeding mode"
24939571,Exclude,All breastfed infants (n=22); no breastfed-vs-formula comparison; exposure is HLA-DQ2 genotype
24921688,Exclude,"Nasopharyngeal (respiratory) microbiome, not gut/stool composition"
24907538,Exclude,"Bacterial detection method development study (Cronobacter immunochromatographic strip), no infant cohort"
24902044,Exclude,"Narrative review/overview of intestinal microbiota in early life, not primary research"
24883263,Exclude,"Narrative review article on breastfeeding and infantile diarrhea, not primary research"
24819377,Exclude,"Preterm infants (24-31 weeks gestation), excluded preterm population"
24796801,Exclude,"ESPGHAN position paper, not primary research"
24763555,Exclude,"Narrative review of animal models for NEC research, not primary research with infant cohort"
24743894,Exclude,"Analytical chemistry methods development paper for HMO diagnostic ion screening, no infant cohort"
24739969,Exclude,"Adult subjects (Human Microbiome Project), not infants; breastfeeding history is a retrospective covariate in adult microbiome"
24731164,Exclude,No microbiome composition data; outcome is celiac disease diagnosis; breastfeeding only an adjustment covariate
24690625,Exclude,"Primary comparison is probiotic vs placebo; feeding mode is a population descriptor, not the microbiome composition comparison"
24674981,Exclude,Human milk microbiome study (qPCR targeted method); no infant stool composition data
24671237,Exclude,"Formula-vs-formula comparison (GOS vs no GOS), no breastfed comparison group; targeted bacterial quantification"
24650219,Exclude,"Study protocol/trial design paper for a maternal nutrition RCT, no microbiome results reported yet"
24608442,Exclude,"Primary comparison is anti-islet cell autoantibody status, not feeding mode; age range extends to 3 years"
24590211,Exclude,"Human milk microbiome study (culture/PCR), no infant stool composition data"
24584251,Exclude,"qPCR targeted panel (31 bacterial targets), not full sequencing composition; age range (9-36 months) substantially exceeds window"
24581150,Exclude,"Comparative genomics study of B. breve taxon, no infant cohort"
24452239,Exclude,Narrative/perspective paper on nutrigenomics and infant-associated bifidobacteria
24450928,Exclude,"Preterm infants, excluded preterm population"
24433075,Exclude,"Bacterial strain screening study with mouse safety testing, no infant cohort comparison"
24418680,Exclude,"Methods development study for staphylococci detection (tuf-PCR-TTGE), no feeding-mode comparison"
24392283,Exclude,"Narrative review of immunologic factors in human milk, preterm population focus"
24386174,Exclude,"Preterm infants (<=32 weeks gestation), excluded preterm population"
24353893,Exclude,Narrative review on gut microbiota and immune phenotype programming
24303069,Exclude,Comparison is infants vs adults (not feeding mode); all infants breastfed
24303004,Exclude,"Culture-based method; primary exposure is maternal HIV status, not feeding-mode infant stool comparison"
24270321,Exclude,"Enzyme biochemistry characterization study (GH42 beta-galactosidases), no infant cohort"
24257411,Exclude,No microbiome composition data; outcome is BMI at 5-8 years; breastfeeding only an adjustment covariate
24253766,Exclude,"All breastfed infants (n=10); no breastfed-vs-formula comparison; outcome is HMO metabolite tracing, not composition sequencing"
24228197,Exclude,"Symposium summary/narrative review, VLBW/preterm population focus, not primary research"
24205115,Exclude,"Healthy adult subjects, not infants"
24200019,Exclude,"Narrative review of human milk microbiota, not primary research with cohort data"
24169452,Include,"Direct comparison of breast-fed, formula-fed, and mixed-fed infants' fecal microbiota via 16S rDNA high-throughput sequencing in first 6 months of life"
24146896,Exclude,"NICU population; culture-based targeted ESBL pathogen colonization outcome, not full microbiome composition"
24141259,Exclude,"Outcome is enteric virome (viral), not bacterial composition"
24140337,Exclude,"Bovine milk oligosaccharide screening methods study (dairy cows), no human infant cohort"
24135979,Exclude,"Preterm/premature infants, excluded preterm population"
24128654,Exclude,"FISH targeted method, not full sequencing composition; primary exposure is maternal salmon consumption"
24079341,Exclude,"Human milk metabolomics (NMR) study, no infant gut microbiome composition data"
24033881,Exclude,"Small strain-transfer tracking study (7 pairs), not a feeding-mode comparison"
24023682,Exclude,"Preterm twins (NICU population); primarily DGGE targeted method, not full sequencing composition"
23993139,Exclude,"Preterm/premature infants, excluded preterm population"
23976878,Exclude,"Narrative/perspective review paper on maternal microbial transmission, not primary research"
23941657,Exclude,Narrative review of commensal Clostridia and gut homeostasis
23900058,Exclude,"qPCR targeted panel (6 taxa), not full sequencing-based composition profiling"
23892749,Exclude,"In vitro bacterial strain (B. breve) HMO-utilization characterization study, no infant cohort comparison"
23824726,Exclude,"Narrative review on pre/postnatal nutrition, microbiota, and metabolic/immune development"
23822699,Exclude,"Primary gut microbiota finding tied to antibiotic intake, not feeding type; feeding-type analysis was for lymphocyte subsets, not composition"
23812516,Exclude,"Comparison is complementary-food cereal type, not breastfed-vs-formula; targeted bacterial counts, not full sequencing"
23793940,Include,Direct comparison of breast-fed vs formula-fed infants' fecal microbiota via Illumina high-throughput sequencing
23786310,Exclude,"Very low birth weight preterm infants, excluded preterm population"
23782263,Exclude,"qPCR targeted quantification of bacterial groups, not full sequencing-based composition profiling"
23773627,Exclude,"Culture-based targeted antibiotic-resistance gene detection, not full sequencing composition; all breastfed neonates"
23761650,Exclude,Animal model (female pigs)
23752082,Exclude,"FISH/flow cytometry targeted method, not full sequencing-based composition profiling"
23705844,Include,Shotgun metagenomic comparison of breast-fed vs formula-fed infant feces (n=5 each) alongside human milk metagenome characterization
23670220,Exclude,No microbiome composition data; outcome is child adiposity/BMI from 6 weeks to 15 years; feeding pattern only an adjustment covariate
23651394,Exclude,Animal model (infant rhesus monkeys)
23594611,Exclude,"Narrative/theoretical review on nutrition, microbiome, and epigenome"
23521087,Exclude,"Comparison is infants vs adults (not feeding mode); microarray-based method (HTF-Microbi.Array), not sequencing; all breastfed infants"
23518680,Exclude,"Animal model (preterm pigs, mice, cell lines)"
23507238,Exclude,"Human milk microbiota diversity study, no infant stool composition data"
23498848,Exclude,"Targeted Bifidobacterium cell-count method, not full sequencing-based composition profiling"
23469017,Exclude,"Bacterial proteomics characterization study (B. infantis), no infant cohort"
23468138,Exclude,"Analytical chemistry methods development paper for HMO quantification, no feeding-mode cohort comparison"
23445850,Exclude,"Narrative review on probiotics/prebiotics mucosal defense, preterm safety focus, not primary research"
23455335,Include,"Direct 3-group comparison of goat milk formula, cow milk formula, and breast milk fed infants' stool microbiota via 16S pyrosequencing at 2 months"
23452586,Exclude,"All exclusively breastfed infants; primary exposure is complementary food type (meat vs cereal), not feeding mode"
23429446,Exclude,No microbiome composition data; outcome is adult-onset IBD diagnosis via retrospective self-report cohort
23416290,Exclude,"Bacterial detection method development study (Cronobacter duplex PCR), no infant cohort"
23412739,Exclude,"News item (no content), not primary research"
23401405,Include,CHILD cohort directly comparing breastfed vs formula-fed infants' gut microbiota via high-throughput DNA sequencing at 4 months
23397940,Exclude,"Preterm infants; qPCR targeted method, not full sequencing composition"
23360881,Exclude,"Bacterial strain isolation/characterization study with mouse safety testing, no infant cohort comparison"
23340314,Exclude,"Animal model (rabbit) and cell culture mechanism study, no microbiome composition data"
23326523,Exclude,"In vitro cell line mechanism study, no microbiome composition data"
23317855,Exclude,"Bacterial isolate collection characterization study (Cronobacter), no infant cohort"
23235404,Exclude,"Animal model (pigs, genetically engineered goats), not a human infant cohort"
23201704,Exclude,Animal model (rhesus monkeys)
23201699,Exclude,"Targeted bacterial quantification method (culture/qPCR), not full sequencing-based composition profiling"
23200660,Exclude,"In vitro bacterial strain (B. infantis) characterization study, no infant cohort"
23184155,Exclude,"Bacterial strain isolation/characterization study (bacteriocin/antibiotic resistance), no infant cohort composition comparison"
23132163,Exclude,"qPCR targeted method; disease-status comparison (BMJ vs control), not feeding mode; all breastfed"
23124244,Exclude,"Nearly all infants breastfed, no breastfed-vs-formula comparison; age range extends to 2 years"
23089182,Exclude,"Bacterial identification methods comparison study for formula ingredients, no infant cohort"
23087909,Maybe,"No abstract available; title directly suggests a breast-vs-formula feeding gut microbiota comparison in newborns, but content and method cannot be verified without full text"
23028202,Exclude,"In vitro fermentation study using cultured infant microbiota, no infant cohort comparison"
22957008,Exclude,"All breastfed neonates (n=7), no breastfed-vs-formula comparison"
22955450,Exclude,"Oral microbiome (saliva), not gut/stool composition"
22928654,Exclude,RCT study protocol with no results yet reported
22911969,Exclude,Disease population (cystic fibrosis); age range extends to 21 months; not a feeding-mode composition group comparison
22909161,Exclude,"No infant microbiome composition data; exposure is maternal intestinal flora, outcome is infant wheeze/eczema"
22836031,Exclude,"Human milk microbiome study, no infant stool composition data"
22805822,Exclude,"Bacterial detection method development study (Cronobacter LAMP assay), no infant cohort"
22757730,Exclude,"Narrative review/commentary on breast milk microbes, not primary research"
22745059,Exclude,"Bacterial enzyme characterization study (endoglycosidases), no infant cohort"
22740680,Exclude,"Single bacterial strain genome sequencing announcement, no infant cohort"
22725615,Exclude,"All breastfed infants; comparison is blood-streaked stools vs healthy (symptom-based), not feeding mode"
22699767,Exclude,"Narrative/policy paper on infant formula preclinical safety assessment, not primary research"
22681492,Exclude,Narrative review of healthy gut microbiota development in early life
22674549,Exclude,Narrative/perspective paper on gut microbiota and undernutrition
22606315,Exclude,"Small descriptive bifidobacterial diversity characterization study (n=11), not a designed feeding-mode comparison with reported results"
22585927,Exclude,"Milk oligosaccharide structural analysis (cross-species comparison), no infant gut microbiome composition data"
22581327,Exclude,"Outcome is eukaryotic (fungal/protist) microbiota, not bacterial composition; extremely small sample (n=4 infants)"
22555546,Exclude,"Bacterial strain isolation/characterization study (single infant), no infant cohort comparison"
22546241,Include,Metagenomic study directly comparing exclusively breast-fed vs formula-fed 3-month-old infants' gut microbiome and host epithelial transcriptome
24533224,Exclude,"Narrative review on protein-linked glycan degradation, no infant cohort comparison"
24744976,Exclude,"Narrative review of protein digestion in premature/term infants, preterm focus"
22497505,Exclude,No microbiome composition data; outcome is perchlorate/iodine urinary ratio chemistry
22453296,Exclude,"Human milk microbiome study (targeted quantification), no infant stool composition data"
22435727,Exclude,"Disease population (cow's milk allergy); FISH targeted method, not full sequencing"
22411374,Exclude,"Includes animal model (piglets) and preterm infants, excluded preterm population"
22395187,Exclude,"qPCR targeted quantification of specific taxa, not full sequencing-based composition profiling"
22367946,Exclude,"Bacterial strain isolation/characterization study, no infant cohort comparison"
22358235,Exclude,"All exclusively breastfed neonates (n=10), no breastfed-vs-formula comparison"
22319588,Exclude,"qPCR targeted quantification of specific taxa (PROFICEL study), not full sequencing-based composition profiling"
22292110,Exclude,"Narrative review on probiotics in HIV-1 infection, not primary research with infant cohort composition data"
22267318,Exclude,"Strain-sharing/transfer tracking study (qRTi-PCR and culture), not a feeding-mode comparison"
22237884,Exclude,"Likely targeted bacterial quantification method, not full sequencing-based composition profiling"
22237982,Exclude,"Bacterial strain phylogenetic/taxonomic classification study (Cronobacter), no infant cohort"
22228076,Exclude,"FISH/qPCR targeted method; country comparison (Malawi vs Finland), not feeding mode; both groups breastfed"
24281665,Exclude,Narrative review on maternal bifidobacteria and infant gut bifidobacteria development
22186062,Exclude,"Bacterial identification methods comparison study (Cronobacter), no infant cohort"
22169809,Exclude,"Oral/salivary immune (IgA) study, not gut/stool microbiome composition; includes preterm comparison group"
22136660,Exclude,"T-RFLP fingerprinting method, not full sequencing; primary exposure is maternal probiotic supplementation, not feeding mode"
22092692,Exclude,Disease population (eczema); primary comparison is probiotic vs placebo; no microbiome composition data reported
22079177,Exclude,"All non-breastfed infants (experimental vs standard formula), no breastfed comparison group"
22055271,Exclude,"Preterm infants, excluded preterm population"
22036470,Exclude,"Gnotobiotic mouse model mechanism study, not a human infant cohort comparison"
21979491,Exclude,"FCM-FISH/qPCR targeted method, not full sequencing; primary exposure is probiotic supplementation, not feeding mode"
21967856,Exclude,Disease population (phenylketonuria); single-arm pilot study with no comparison group; targeted method
21946836,Exclude,"FISH/qPCR targeted method, not full sequencing-based composition profiling"
21893361,Exclude,"Bacterial distribution/sampling methodology study for food safety (Cronobacter), no infant cohort"
21875444,Exclude,"Targeted method (not full sequencing); primary comparisons are country and delivery mode, breastfeeding only one of several factors without specific composition data reported"
21871575,Exclude,"Disease population (short bowel syndrome, TPN-fed); culture-based method, not full sequencing; not a feeding-mode comparison"
21846506,Exclude,"Bacterial strain isolation/antimicrobial characterization study, no infant cohort comparison"
21839845,Exclude,"In vitro bacterial growth study (bifidobacteria/clostridia on milk saccharides), no infant cohort comparison"
21821748,Exclude,"Targeted antibiotic-resistance gene detection, not full sequencing composition; no clear breastfed-vs-formula comparative statistic"
21771085,Exclude,No microbiome composition data; outcome is immunoglobulin free light-chain plasma concentration
21756944,Exclude,"Molecular typing methods comparison study (B. longum subspecies discrimination), no feeding-mode comparison"
21742881,Exclude,"Single bacterial strain genome sequencing announcement, no infant cohort"
21736809,Exclude,"In vitro immune cell (PBMC/Caco-2) co-culture study using lab-simulated bacterial mixtures, not an actual infant cohort composition comparison"
21726634,Exclude,"Comparative genomics/strain characterization study (B. breve), no feeding-mode group comparison"
21718486,Exclude,"Bacterial strain antagonism/culture-based study; comparison is colic vs control, not feeding mode; all breastfed"
21695057,Exclude,"Human milk microbiome diversity study, no infant stool composition data"
21693011,Exclude,"In vitro antibacterial assay (haptocorrin), no infant cohort comparison"
21642397,Exclude,"PCR/DGGE targeted to single genus (Bacteroides) diversity, not full community composition sequencing"
21613452,Exclude,"All formula-fed infants, no breastfed comparison group; targeted bacterial count method"
21593648,Exclude,"Targeted bacterial count method (log CFU/g), not full sequencing-based composition profiling"
21501935,Exclude,"All breastfed infants, no breastfed-vs-formula comparison; comparison is geographic location"
21497661,Exclude,"FISH targeted method, not full sequencing-based composition profiling"
21478759,Exclude,PCR targeted method (6 bifidobacterial species + Ruminococcus); no breastfed-vs-formula comparison (exposure is milk oligosaccharide group)
21426607,Exclude,"Preterm infants (30-35 weeks gestation), excluded preterm population"
21423604,Exclude,"Bacterial protein/glycan-binding characterization study (B. infantis), no infant cohort"
21340728,Exclude,"Oropharyngeal (oral/respiratory) microbiome via culture, not gut/stool composition"
21330436,Exclude,"FISH/flow cytometry targeted method (10 probes), not full sequencing-based composition profiling"
21326917,Exclude,"Bacterial strain stress-response genetic/transcriptomic characterization study (B. breve), no infant cohort"
21319674,Exclude,"Narrative review/clinical practice article on infantile colic management, not primary research"
21204699,Exclude,"Bacterial strain identification/misidentification study for formula contamination, no infant cohort"
21169009,Exclude,"Bacterial detection method development study (Cronobacter immunochromatographic strip), no infant cohort"
21161053,Exclude,"Strain-sharing/transmission tracking study (13 pairs), all breastfed, no feeding-mode comparison"
21150648,Exclude,"FISH targeted method; primary comparison is weight status (matched for breastfeeding duration), not a feeding-mode comparison"
21147707,Exclude,"Likely targeted bifidobacteria-only quantification method, not clearly full sequencing-based composition profiling"
21143523,Exclude,"Targeted method for selected microbial groups, not full sequencing; no breastfed-vs-formula comparison (all breastfed)"
21143294,Exclude,"All breastfed infants, no breastfed-vs-formula comparison; culture-based targeted method"
21121981,Exclude,"Disease population (atopic dermatitis); PCR targeted method; primary comparison is probiotic supplementation, not feeding mode"
20958096,Exclude,"Milk nitrate/nitrite chemistry comparison study, no infant gut microbiome composition data"
20924317,Exclude,Animal model (preterm pigs)
20864478,Exclude,"DGGE/ribotyping method focused on single genus (Bifidobacterium), not whole-community sequencing-based composition"
20850522,Exclude,"Bacterial detection method development study (Enterobacter sakazakii), no infant cohort"
20829292,Exclude,"FISH/DGGE targeted method, not full sequencing-based composition profiling"
20802066,Exclude,"Comparative genomic hybridization bacterial strain characterization study (B. infantis), no infant cohort comparison"
20713478,Exclude,"All exclusively breastfed colicky infants, no breastfed-vs-formula comparison; culture-based targeted method"
20685000,Exclude,"Bacterial isolation/identification study (Cronobacter) for food safety, no infant cohort"
20679197,Exclude,Narrative review of human milk glycobiome and infant GI microbiota
20633308,Exclude,"Mouse model mechanism study plus human immune cell examination, no infant cohort microbiome composition comparison"
20479681,Exclude,"FISH/flow cytometry targeted method (10 probes), not full sequencing-based composition profiling"
20467249,Exclude,"Bacterial strain identification study (Cronobacter) for food safety, no infant cohort"
20394371,Exclude,"In vitro bacterial strain growth study on HMOs, no infant cohort comparison"
20376357,Exclude,"All cesarean-delivered formula-fed infants, no breastfed comparison; primary comparison is eczema vs no eczema (disease status)"
20184604,Exclude,Disease population (atopic dermatitis); all formula-fed infants (no breastfed comparison); PCR targeted method
20181403,Exclude,"Bacterial strain characterization study (Cronobacter) for food safety, no infant cohort"
20176122,Exclude,"All breastfed infants, no breastfed-vs-formula comparison; culture-based targeted method"
20153066,Exclude,"Food safety methodology study (sample pooling effect on Cronobacter detection), no infant cohort"
20061487,Exclude,"Novel bacterial species taxonomic description study, no infant cohort"
20018483,Exclude,"All infants receiving formula (probiotic-supplemented or not), no breastfed comparison; targeted culture-based method"
19889194,Exclude,"Disease population (cow's milk protein allergy); culture-based targeted method; primary comparison is allergy status, not feeding mode"
19783002,Exclude,"Preterm infants (23-32 weeks gestation), excluded preterm population"
19751746,Exclude,No microbiome composition data; outcome is Crohn's disease diagnosis via self-report case-control study
19478349,Exclude,"All breastfed newborns, no breastfed-vs-formula comparison; FISH targeted method; exposure is HLA genotype"
